服务器 ID,玩家 ID,玩家信息,标题信息,附件资产信息,自定义
2000808,219012183,,,,"[{""assetType"":""item"",""id"":11117403,""amount"":75},{""assetType"":""item"",""id"":11117301,""amount"":25}]"
2000808,219532519,,,,"[{""assetType"":""item"",""id"":11117403,""amount"":75},{""assetType"":""item"",""id"":11117301,""amount"":25}]"
2000808,219915914,,,,"[{""assetType"":""item"",""id"":11117403,""amount"":75},{""assetType"":""item"",""id"":11117301,""amount"":25}]"
2000808,220167650,,,,"[{""assetType"":""item"",""id"":11117403,""amount"":75},{""assetType"":""item"",""id"":11117301,""amount"":25}]"
2006102,22159744,,,,"[{""assetType"":""item"",""id"":11117403,""amount"":75},{""assetType"":""item"",""id"":11117301,""amount"":25}]"
2006102,3977558,,,,"[{""assetType"":""item"",""id"":11117403,""amount"":75},{""assetType"":""item"",""id"":11117301,""amount"":25}]"
2006102,4442310,,,,"[{""assetType"":""item"",""id"":11117403,""amount"":75},{""assetType"":""item"",""id"":11117301,""amount"":25}]"
2006102,4501842,,,,"[{""assetType"":""item"",""id"":11117403,""amount"":75},{""assetType"":""item"",""id"":11117301,""amount"":25}]"
2006102,4984657,,,,"[{""assetType"":""item"",""id"":11117403,""amount"":75},{""assetType"":""item"",""id"":11117301,""amount"":25}]"
2006102,5986546,,,,"[{""assetType"":""item"",""id"":11117403,""amount"":75},{""assetType"":""item"",""id"":11117301,""amount"":25}]"
2006102,62553613,,,,"[{""assetType"":""item"",""id"":11117403,""amount"":75},{""assetType"":""item"",""id"":11117301,""amount"":25}]"
2006102,6454041,,,,"[{""assetType"":""item"",""id"":11117403,""amount"":75},{""assetType"":""item"",""id"":11117301,""amount"":25}]"
2006102,7536707,,,,"[{""assetType"":""item"",""id"":11117403,""amount"":75},{""assetType"":""item"",""id"":11117301,""amount"":25}]"
2006102,8338915,,,,"[{""assetType"":""item"",""id"":11117403,""amount"":75},{""assetType"":""item"",""id"":11117301,""amount"":25}]"
2006402,11092474,,,,"[{""assetType"":""item"",""id"":11117403,""amount"":75},{""assetType"":""item"",""id"":11117301,""amount"":25}]"
2006402,4239086,,,,"[{""assetType"":""item"",""id"":11117403,""amount"":75},{""assetType"":""item"",""id"":11117301,""amount"":25}]"
2006402,6346507,,,,"[{""assetType"":""item"",""id"":11117403,""amount"":75},{""assetType"":""item"",""id"":11117301,""amount"":25}]"
2006402,7196041,,,,"[{""assetType"":""item"",""id"":11117403,""amount"":75},{""assetType"":""item"",""id"":11117301,""amount"":25}]"
2006402,8198074,,,,"[{""assetType"":""item"",""id"":11117403,""amount"":75},{""assetType"":""item"",""id"":11117301,""amount"":25}]"
2006502,2860623,,,,"[{""assetType"":""item"",""id"":11117403,""amount"":75},{""assetType"":""item"",""id"":11117301,""amount"":25}]"
2006502,4596249,,,,"[{""assetType"":""item"",""id"":11117403,""amount"":75},{""assetType"":""item"",""id"":11117301,""amount"":25}]"
2006502,4861422,,,,"[{""assetType"":""item"",""id"":11117403,""amount"":75},{""assetType"":""item"",""id"":11117301,""amount"":25}]"
2006702,4313324,,,,"[{""assetType"":""item"",""id"":11117403,""amount"":75},{""assetType"":""item"",""id"":11117301,""amount"":25}]"
2007202,19535546,,,,"[{""assetType"":""item"",""id"":11117403,""amount"":75},{""assetType"":""item"",""id"":11117301,""amount"":25}]"
2007202,22627293,,,,"[{""assetType"":""item"",""id"":11117403,""amount"":75},{""assetType"":""item"",""id"":11117301,""amount"":25}]"
2007202,23709193,,,,"[{""assetType"":""item"",""id"":11117403,""amount"":75},{""assetType"":""item"",""id"":11117301,""amount"":25}]"
2007202,24505327,,,,"[{""assetType"":""item"",""id"":11117403,""amount"":75},{""assetType"":""item"",""id"":11117301,""amount"":25}]"
2007202,24524264,,,,"[{""assetType"":""item"",""id"":11117403,""amount"":75},{""assetType"":""item"",""id"":11117301,""amount"":25}]"
2007202,5197394,,,,"[{""assetType"":""item"",""id"":11117403,""amount"":75},{""assetType"":""item"",""id"":11117301,""amount"":25}]"
2007202,5802697,,,,"[{""assetType"":""item"",""id"":11117403,""amount"":75},{""assetType"":""item"",""id"":11117301,""amount"":25}]"
2007202,7473273,,,,"[{""assetType"":""item"",""id"":11117403,""amount"":75},{""assetType"":""item"",""id"":11117301,""amount"":25}]"
2007202,8094455,,,,"[{""assetType"":""item"",""id"":11117403,""amount"":75},{""assetType"":""item"",""id"":11117301,""amount"":25}]"
2007202,8638645,,,,"[{""assetType"":""item"",""id"":11117403,""amount"":75},{""assetType"":""item"",""id"":11117301,""amount"":25}]"
2008502,6081875,,,,"[{""assetType"":""item"",""id"":11117403,""amount"":75},{""assetType"":""item"",""id"":11117301,""amount"":25}]"
2008502,6668272,,,,"[{""assetType"":""item"",""id"":11117403,""amount"":75},{""assetType"":""item"",""id"":11117301,""amount"":25}]"
2010102,10473870,,,,"[{""assetType"":""item"",""id"":11117403,""amount"":75},{""assetType"":""item"",""id"":11117301,""amount"":25}]"
2010102,6881205,,,,"[{""assetType"":""item"",""id"":11117403,""amount"":75},{""assetType"":""item"",""id"":11117301,""amount"":25}]"
2010102,7684652,,,,"[{""assetType"":""item"",""id"":11117403,""amount"":75},{""assetType"":""item"",""id"":11117301,""amount"":25}]"
2010108,212873640,,,,"[{""assetType"":""item"",""id"":11117403,""amount"":75},{""assetType"":""item"",""id"":11117301,""amount"":25}]"
2010108,213078289,,,,"[{""assetType"":""item"",""id"":11117403,""amount"":75},{""assetType"":""item"",""id"":11117301,""amount"":25}]"
2010108,214371629,,,,"[{""assetType"":""item"",""id"":11117403,""amount"":75},{""assetType"":""item"",""id"":11117301,""amount"":25}]"
2010108,214517311,,,,"[{""assetType"":""item"",""id"":11117403,""amount"":75},{""assetType"":""item"",""id"":11117301,""amount"":25}]"
2010108,214651537,,,,"[{""assetType"":""item"",""id"":11117403,""amount"":75},{""assetType"":""item"",""id"":11117301,""amount"":25}]"
2010108,215607921,,,,"[{""assetType"":""item"",""id"":11117403,""amount"":75},{""assetType"":""item"",""id"":11117301,""amount"":25}]"
2010108,215837725,,,,"[{""assetType"":""item"",""id"":11117403,""amount"":75},{""assetType"":""item"",""id"":11117301,""amount"":25}]"
2010108,216198135,,,,"[{""assetType"":""item"",""id"":11117403,""amount"":75},{""assetType"":""item"",""id"":11117301,""amount"":25}]"
2010108,216595247,,,,"[{""assetType"":""item"",""id"":11117403,""amount"":75},{""assetType"":""item"",""id"":11117301,""amount"":25}]"
2010108,216708511,,,,"[{""assetType"":""item"",""id"":11117403,""amount"":75},{""assetType"":""item"",""id"":11117301,""amount"":25}]"
2010302,7568871,,,,"[{""assetType"":""item"",""id"":11117403,""amount"":75},{""assetType"":""item"",""id"":11117301,""amount"":25}]"
2010302,8763161,,,,"[{""assetType"":""item"",""id"":11117403,""amount"":75},{""assetType"":""item"",""id"":11117301,""amount"":25}]"
2010302,9194429,,,,"[{""assetType"":""item"",""id"":11117403,""amount"":75},{""assetType"":""item"",""id"":11117301,""amount"":25}]"
2010302,9274775,,,,"[{""assetType"":""item"",""id"":11117403,""amount"":75},{""assetType"":""item"",""id"":11117301,""amount"":25}]"
2012102,10648389,,,,"[{""assetType"":""item"",""id"":11117403,""amount"":75},{""assetType"":""item"",""id"":11117301,""amount"":25}]"
2012102,6232160,,,,"[{""assetType"":""item"",""id"":11117403,""amount"":75},{""assetType"":""item"",""id"":11117301,""amount"":25}]"
2012102,8724866,,,,"[{""assetType"":""item"",""id"":11117403,""amount"":75},{""assetType"":""item"",""id"":11117301,""amount"":25}]"
2012102,9692970,,,,"[{""assetType"":""item"",""id"":11117403,""amount"":75},{""assetType"":""item"",""id"":11117301,""amount"":25}]"
2012302,413420,,,,"[{""assetType"":""item"",""id"":11117403,""amount"":75},{""assetType"":""item"",""id"":11117301,""amount"":25}]"
2012302,8257988,,,,"[{""assetType"":""item"",""id"":11117403,""amount"":75},{""assetType"":""item"",""id"":11117301,""amount"":25}]"
2012302,8980498,,,,"[{""assetType"":""item"",""id"":11117403,""amount"":75},{""assetType"":""item"",""id"":11117301,""amount"":25}]"
2012302,8995697,,,,"[{""assetType"":""item"",""id"":11117403,""amount"":75},{""assetType"":""item"",""id"":11117301,""amount"":25}]"
2012402,16182800,,,,"[{""assetType"":""item"",""id"":11117403,""amount"":75},{""assetType"":""item"",""id"":11117301,""amount"":25}]"
2012402,34128288,,,,"[{""assetType"":""item"",""id"":11117403,""amount"":75},{""assetType"":""item"",""id"":11117301,""amount"":25}]"
2012402,3781116,,,,"[{""assetType"":""item"",""id"":11117403,""amount"":75},{""assetType"":""item"",""id"":11117301,""amount"":25}]"
2012402,45548775,,,,"[{""assetType"":""item"",""id"":11117403,""amount"":75},{""assetType"":""item"",""id"":11117301,""amount"":25}]"
2012402,5467177,,,,"[{""assetType"":""item"",""id"":11117403,""amount"":75},{""assetType"":""item"",""id"":11117301,""amount"":25}]"
2012402,7207312,,,,"[{""assetType"":""item"",""id"":11117403,""amount"":75},{""assetType"":""item"",""id"":11117301,""amount"":25}]"
2012402,8873732,,,,"[{""assetType"":""item"",""id"":11117403,""amount"":75},{""assetType"":""item"",""id"":11117301,""amount"":25}]"
2013402,7378760,,,,"[{""assetType"":""item"",""id"":11117403,""amount"":75},{""assetType"":""item"",""id"":11117301,""amount"":25}]"
2013402,9570697,,,,"[{""assetType"":""item"",""id"":11117403,""amount"":75},{""assetType"":""item"",""id"":11117301,""amount"":25}]"
2013402,9635432,,,,"[{""assetType"":""item"",""id"":11117403,""amount"":75},{""assetType"":""item"",""id"":11117301,""amount"":25}]"
2013602,9913973,,,,"[{""assetType"":""item"",""id"":11117403,""amount"":75},{""assetType"":""item"",""id"":11117301,""amount"":25}]"
2014502,10217197,,,,"[{""assetType"":""item"",""id"":11117403,""amount"":75},{""assetType"":""item"",""id"":11117301,""amount"":25}]"
2014502,13332615,,,,"[{""assetType"":""item"",""id"":11117403,""amount"":75},{""assetType"":""item"",""id"":11117301,""amount"":25}]"
2014502,13675287,,,,"[{""assetType"":""item"",""id"":11117403,""amount"":75},{""assetType"":""item"",""id"":11117301,""amount"":25}]"
2015702,10878467,,,,"[{""assetType"":""item"",""id"":11117403,""amount"":75},{""assetType"":""item"",""id"":11117301,""amount"":25}]"
2015702,13456586,,,,"[{""assetType"":""item"",""id"":11117403,""amount"":75},{""assetType"":""item"",""id"":11117301,""amount"":25}]"
2015702,13600351,,,,"[{""assetType"":""item"",""id"":11117403,""amount"":75},{""assetType"":""item"",""id"":11117301,""amount"":25}]"
2015702,14038457,,,,"[{""assetType"":""item"",""id"":11117403,""amount"":75},{""assetType"":""item"",""id"":11117301,""amount"":25}]"
2015702,14983329,,,,"[{""assetType"":""item"",""id"":11117403,""amount"":75},{""assetType"":""item"",""id"":11117301,""amount"":25}]"
2016902,11225640,,,,"[{""assetType"":""item"",""id"":11117403,""amount"":75},{""assetType"":""item"",""id"":11117301,""amount"":25}]"
2016902,11254755,,,,"[{""assetType"":""item"",""id"":11117403,""amount"":75},{""assetType"":""item"",""id"":11117301,""amount"":25}]"
2016902,11469430,,,,"[{""assetType"":""item"",""id"":11117403,""amount"":75},{""assetType"":""item"",""id"":11117301,""amount"":25}]"
2016902,11534557,,,,"[{""assetType"":""item"",""id"":11117403,""amount"":75},{""assetType"":""item"",""id"":11117301,""amount"":25}]"
2016902,13368196,,,,"[{""assetType"":""item"",""id"":11117403,""amount"":75},{""assetType"":""item"",""id"":11117301,""amount"":25}]"
2016902,169859,,,,"[{""assetType"":""item"",""id"":11117403,""amount"":75},{""assetType"":""item"",""id"":11117301,""amount"":25}]"
2016902,17232556,,,,"[{""assetType"":""item"",""id"":11117403,""amount"":75},{""assetType"":""item"",""id"":11117301,""amount"":25}]"
2016902,19751733,,,,"[{""assetType"":""item"",""id"":11117403,""amount"":75},{""assetType"":""item"",""id"":11117301,""amount"":25}]"
2016902,22009185,,,,"[{""assetType"":""item"",""id"":11117403,""amount"":75},{""assetType"":""item"",""id"":11117301,""amount"":25}]"
2016902,42561838,,,,"[{""assetType"":""item"",""id"":11117403,""amount"":75},{""assetType"":""item"",""id"":11117301,""amount"":25}]"
2016902,45102230,,,,"[{""assetType"":""item"",""id"":11117403,""amount"":75},{""assetType"":""item"",""id"":11117301,""amount"":25}]"
2016902,46329470,,,,"[{""assetType"":""item"",""id"":11117403,""amount"":75},{""assetType"":""item"",""id"":11117301,""amount"":25}]"
2016902,50494222,,,,"[{""assetType"":""item"",""id"":11117403,""amount"":75},{""assetType"":""item"",""id"":11117301,""amount"":25}]"
2016902,51573543,,,,"[{""assetType"":""item"",""id"":11117403,""amount"":75},{""assetType"":""item"",""id"":11117301,""amount"":25}]"
2016902,5463773,,,,"[{""assetType"":""item"",""id"":11117403,""amount"":75},{""assetType"":""item"",""id"":11117301,""amount"":25}]"
2016902,55919493,,,,"[{""assetType"":""item"",""id"":11117403,""amount"":75},{""assetType"":""item"",""id"":11117301,""amount"":25}]"
2016902,63778994,,,,"[{""assetType"":""item"",""id"":11117403,""amount"":75},{""assetType"":""item"",""id"":11117301,""amount"":25}]"
2016902,6774573,,,,"[{""assetType"":""item"",""id"":11117403,""amount"":75},{""assetType"":""item"",""id"":11117301,""amount"":25}]"
2017802,11698989,,,,"[{""assetType"":""item"",""id"":11117403,""amount"":75},{""assetType"":""item"",""id"":11117301,""amount"":25}]"
2018202,10747564,,,,"[{""assetType"":""item"",""id"":11117403,""amount"":75},{""assetType"":""item"",""id"":11117301,""amount"":25}]"
2018502,11121243,,,,"[{""assetType"":""item"",""id"":11117403,""amount"":75},{""assetType"":""item"",""id"":11117301,""amount"":25}]"
2018502,12770967,,,,"[{""assetType"":""item"",""id"":11117403,""amount"":75},{""assetType"":""item"",""id"":11117301,""amount"":25}]"
2018502,17242099,,,,"[{""assetType"":""item"",""id"":11117403,""amount"":75},{""assetType"":""item"",""id"":11117301,""amount"":25}]"
2018502,17750860,,,,"[{""assetType"":""item"",""id"":11117403,""amount"":75},{""assetType"":""item"",""id"":11117301,""amount"":25}]"
2018502,17920625,,,,"[{""assetType"":""item"",""id"":11117403,""amount"":75},{""assetType"":""item"",""id"":11117301,""amount"":25}]"
2018602,11835901,,,,"[{""assetType"":""item"",""id"":11117403,""amount"":75},{""assetType"":""item"",""id"":11117301,""amount"":25}]"
2018602,12411428,,,,"[{""assetType"":""item"",""id"":11117403,""amount"":75},{""assetType"":""item"",""id"":11117301,""amount"":25}]"
2018602,12505472,,,,"[{""assetType"":""item"",""id"":11117403,""amount"":75},{""assetType"":""item"",""id"":11117301,""amount"":25}]"
2018602,12877378,,,,"[{""assetType"":""item"",""id"":11117403,""amount"":75},{""assetType"":""item"",""id"":11117301,""amount"":25}]"
2018602,17413986,,,,"[{""assetType"":""item"",""id"":11117403,""amount"":75},{""assetType"":""item"",""id"":11117301,""amount"":25}]"
2019202,11167941,,,,"[{""assetType"":""item"",""id"":11117403,""amount"":75},{""assetType"":""item"",""id"":11117301,""amount"":25}]"
2019202,11714656,,,,"[{""assetType"":""item"",""id"":11117403,""amount"":75},{""assetType"":""item"",""id"":11117301,""amount"":25}]"
2019202,11930273,,,,"[{""assetType"":""item"",""id"":11117403,""amount"":75},{""assetType"":""item"",""id"":11117301,""amount"":25}]"
2019202,13074595,,,,"[{""assetType"":""item"",""id"":11117403,""amount"":75},{""assetType"":""item"",""id"":11117301,""amount"":25}]"
2019202,14347467,,,,"[{""assetType"":""item"",""id"":11117403,""amount"":75},{""assetType"":""item"",""id"":11117301,""amount"":25}]"
2021902,14463633,,,,"[{""assetType"":""item"",""id"":11117403,""amount"":75},{""assetType"":""item"",""id"":11117301,""amount"":25}]"
2021902,14712628,,,,"[{""assetType"":""item"",""id"":11117403,""amount"":75},{""assetType"":""item"",""id"":11117301,""amount"":25}]"
2021902,15433271,,,,"[{""assetType"":""item"",""id"":11117403,""amount"":75},{""assetType"":""item"",""id"":11117301,""amount"":25}]"
2021902,15596902,,,,"[{""assetType"":""item"",""id"":11117403,""amount"":75},{""assetType"":""item"",""id"":11117301,""amount"":25}]"
2021902,15692128,,,,"[{""assetType"":""item"",""id"":11117403,""amount"":75},{""assetType"":""item"",""id"":11117301,""amount"":25}]"
2021902,16045691,,,,"[{""assetType"":""item"",""id"":11117403,""amount"":75},{""assetType"":""item"",""id"":11117301,""amount"":25}]"
2022002,15015523,,,,"[{""assetType"":""item"",""id"":11117403,""amount"":75},{""assetType"":""item"",""id"":11117301,""amount"":25}]"
2023502,11348955,,,,"[{""assetType"":""item"",""id"":11117403,""amount"":75},{""assetType"":""item"",""id"":11117301,""amount"":25}]"
2023502,12925622,,,,"[{""assetType"":""item"",""id"":11117403,""amount"":75},{""assetType"":""item"",""id"":11117301,""amount"":25}]"
2023502,13186631,,,,"[{""assetType"":""item"",""id"":11117403,""amount"":75},{""assetType"":""item"",""id"":11117301,""amount"":25}]"
2023502,13197341,,,,"[{""assetType"":""item"",""id"":11117403,""amount"":75},{""assetType"":""item"",""id"":11117301,""amount"":25}]"
2023502,16836715,,,,"[{""assetType"":""item"",""id"":11117403,""amount"":75},{""assetType"":""item"",""id"":11117301,""amount"":25}]"
2023502,19448494,,,,"[{""assetType"":""item"",""id"":11117403,""amount"":75},{""assetType"":""item"",""id"":11117301,""amount"":25}]"
2023502,19505171,,,,"[{""assetType"":""item"",""id"":11117403,""amount"":75},{""assetType"":""item"",""id"":11117301,""amount"":25}]"
2024402,20795899,,,,"[{""assetType"":""item"",""id"":11117403,""amount"":75},{""assetType"":""item"",""id"":11117301,""amount"":25}]"
2024402,21210005,,,,"[{""assetType"":""item"",""id"":11117403,""amount"":75},{""assetType"":""item"",""id"":11117301,""amount"":25}]"
2024502,22015829,,,,"[{""assetType"":""item"",""id"":11117403,""amount"":75},{""assetType"":""item"",""id"":11117301,""amount"":25}]"
2024702,16489514,,,,"[{""assetType"":""item"",""id"":11117403,""amount"":75},{""assetType"":""item"",""id"":11117301,""amount"":25}]"
2024702,18661613,,,,"[{""assetType"":""item"",""id"":11117403,""amount"":75},{""assetType"":""item"",""id"":11117301,""amount"":25}]"
2024702,18765419,,,,"[{""assetType"":""item"",""id"":11117403,""amount"":75},{""assetType"":""item"",""id"":11117301,""amount"":25}]"
2024702,21450330,,,,"[{""assetType"":""item"",""id"":11117403,""amount"":75},{""assetType"":""item"",""id"":11117301,""amount"":25}]"
2025502,18163099,,,,"[{""assetType"":""item"",""id"":11117403,""amount"":75},{""assetType"":""item"",""id"":11117301,""amount"":25}]"
2025502,18374122,,,,"[{""assetType"":""item"",""id"":11117403,""amount"":75},{""assetType"":""item"",""id"":11117301,""amount"":25}]"
2025502,18556119,,,,"[{""assetType"":""item"",""id"":11117403,""amount"":75},{""assetType"":""item"",""id"":11117301,""amount"":25}]"
2026002,20302898,,,,"[{""assetType"":""item"",""id"":11117403,""amount"":75},{""assetType"":""item"",""id"":11117301,""amount"":25}]"
2027002,20380914,,,,"[{""assetType"":""item"",""id"":11117403,""amount"":75},{""assetType"":""item"",""id"":11117301,""amount"":25}]"
2028602,17164867,,,,"[{""assetType"":""item"",""id"":11117403,""amount"":75},{""assetType"":""item"",""id"":11117301,""amount"":25}]"
2028602,17244161,,,,"[{""assetType"":""item"",""id"":11117403,""amount"":75},{""assetType"":""item"",""id"":11117301,""amount"":25}]"
2028602,17393087,,,,"[{""assetType"":""item"",""id"":11117403,""amount"":75},{""assetType"":""item"",""id"":11117301,""amount"":25}]"
2028602,24608076,,,,"[{""assetType"":""item"",""id"":11117403,""amount"":75},{""assetType"":""item"",""id"":11117301,""amount"":25}]"
2029902,19910963,,,,"[{""assetType"":""item"",""id"":11117403,""amount"":75},{""assetType"":""item"",""id"":11117301,""amount"":25}]"
2029902,19997674,,,,"[{""assetType"":""item"",""id"":11117403,""amount"":75},{""assetType"":""item"",""id"":11117301,""amount"":25}]"
2029902,21167199,,,,"[{""assetType"":""item"",""id"":11117403,""amount"":75},{""assetType"":""item"",""id"":11117301,""amount"":25}]"
2029902,21431723,,,,"[{""assetType"":""item"",""id"":11117403,""amount"":75},{""assetType"":""item"",""id"":11117301,""amount"":25}]"
2029902,21929774,,,,"[{""assetType"":""item"",""id"":11117403,""amount"":75},{""assetType"":""item"",""id"":11117301,""amount"":25}]"
2029902,23558709,,,,"[{""assetType"":""item"",""id"":11117403,""amount"":75},{""assetType"":""item"",""id"":11117301,""amount"":25}]"
2030002,23478091,,,,"[{""assetType"":""item"",""id"":11117403,""amount"":75},{""assetType"":""item"",""id"":11117301,""amount"":25}]"
2030002,25882392,,,,"[{""assetType"":""item"",""id"":11117403,""amount"":75},{""assetType"":""item"",""id"":11117301,""amount"":25}]"
2030502,22917097,,,,"[{""assetType"":""item"",""id"":11117403,""amount"":75},{""assetType"":""item"",""id"":11117301,""amount"":25}]"
2030502,23090067,,,,"[{""assetType"":""item"",""id"":11117403,""amount"":75},{""assetType"":""item"",""id"":11117301,""amount"":25}]"
2030502,23485591,,,,"[{""assetType"":""item"",""id"":11117403,""amount"":75},{""assetType"":""item"",""id"":11117301,""amount"":25}]"
2031402,23858236,,,,"[{""assetType"":""item"",""id"":11117403,""amount"":75},{""assetType"":""item"",""id"":11117301,""amount"":25}]"
2031402,24196485,,,,"[{""assetType"":""item"",""id"":11117403,""amount"":75},{""assetType"":""item"",""id"":11117301,""amount"":25}]"
2031402,24265128,,,,"[{""assetType"":""item"",""id"":11117403,""amount"":75},{""assetType"":""item"",""id"":11117301,""amount"":25}]"
2031402,24346933,,,,"[{""assetType"":""item"",""id"":11117403,""amount"":75},{""assetType"":""item"",""id"":11117301,""amount"":25}]"
2031402,25939996,,,,"[{""assetType"":""item"",""id"":11117403,""amount"":75},{""assetType"":""item"",""id"":11117301,""amount"":25}]"
2032002,24783782,,,,"[{""assetType"":""item"",""id"":11117403,""amount"":75},{""assetType"":""item"",""id"":11117301,""amount"":25}]"
2032002,26068370,,,,"[{""assetType"":""item"",""id"":11117403,""amount"":75},{""assetType"":""item"",""id"":11117301,""amount"":25}]"
2032002,26072040,,,,"[{""assetType"":""item"",""id"":11117403,""amount"":75},{""assetType"":""item"",""id"":11117301,""amount"":25}]"
2032402,25566753,,,,"[{""assetType"":""item"",""id"":11117403,""amount"":75},{""assetType"":""item"",""id"":11117301,""amount"":25}]"
2032402,27652679,,,,"[{""assetType"":""item"",""id"":11117403,""amount"":75},{""assetType"":""item"",""id"":11117301,""amount"":25}]"
2032402,28013226,,,,"[{""assetType"":""item"",""id"":11117403,""amount"":75},{""assetType"":""item"",""id"":11117301,""amount"":25}]"
2033202,23336157,,,,"[{""assetType"":""item"",""id"":11117403,""amount"":75},{""assetType"":""item"",""id"":11117301,""amount"":25}]"
2033202,24850429,,,,"[{""assetType"":""item"",""id"":11117403,""amount"":75},{""assetType"":""item"",""id"":11117301,""amount"":25}]"
2033202,27222556,,,,"[{""assetType"":""item"",""id"":11117403,""amount"":75},{""assetType"":""item"",""id"":11117301,""amount"":25}]"
2033902,21065782,,,,"[{""assetType"":""item"",""id"":11117403,""amount"":75},{""assetType"":""item"",""id"":11117301,""amount"":25}]"
2033902,21084471,,,,"[{""assetType"":""item"",""id"":11117403,""amount"":75},{""assetType"":""item"",""id"":11117301,""amount"":25}]"
2033902,21105885,,,,"[{""assetType"":""item"",""id"":11117403,""amount"":75},{""assetType"":""item"",""id"":11117301,""amount"":25}]"
2033902,23969698,,,,"[{""assetType"":""item"",""id"":11117403,""amount"":75},{""assetType"":""item"",""id"":11117301,""amount"":25}]"
2033902,25225869,,,,"[{""assetType"":""item"",""id"":11117403,""amount"":75},{""assetType"":""item"",""id"":11117301,""amount"":25}]"
2033902,26898124,,,,"[{""assetType"":""item"",""id"":11117403,""amount"":75},{""assetType"":""item"",""id"":11117301,""amount"":25}]"
2033902,27995970,,,,"[{""assetType"":""item"",""id"":11117403,""amount"":75},{""assetType"":""item"",""id"":11117301,""amount"":25}]"
2037402,24952300,,,,"[{""assetType"":""item"",""id"":11117403,""amount"":75},{""assetType"":""item"",""id"":11117301,""amount"":25}]"
2037402,33226466,,,,"[{""assetType"":""item"",""id"":11117403,""amount"":75},{""assetType"":""item"",""id"":11117301,""amount"":25}]"
2037402,34153959,,,,"[{""assetType"":""item"",""id"":11117403,""amount"":75},{""assetType"":""item"",""id"":11117301,""amount"":25}]"
2037402,34659987,,,,"[{""assetType"":""item"",""id"":11117403,""amount"":75},{""assetType"":""item"",""id"":11117301,""amount"":25}]"
2037402,34785160,,,,"[{""assetType"":""item"",""id"":11117403,""amount"":75},{""assetType"":""item"",""id"":11117301,""amount"":25}]"
2038602,13260793,,,,"[{""assetType"":""item"",""id"":11117403,""amount"":75},{""assetType"":""item"",""id"":11117301,""amount"":25}]"
2038602,20432920,,,,"[{""assetType"":""item"",""id"":11117403,""amount"":75},{""assetType"":""item"",""id"":11117301,""amount"":25}]"
2038602,28806186,,,,"[{""assetType"":""item"",""id"":11117403,""amount"":75},{""assetType"":""item"",""id"":11117301,""amount"":25}]"
2038602,30599224,,,,"[{""assetType"":""item"",""id"":11117403,""amount"":75},{""assetType"":""item"",""id"":11117301,""amount"":25}]"
2038602,31318798,,,,"[{""assetType"":""item"",""id"":11117403,""amount"":75},{""assetType"":""item"",""id"":11117301,""amount"":25}]"
2038602,31692115,,,,"[{""assetType"":""item"",""id"":11117403,""amount"":75},{""assetType"":""item"",""id"":11117301,""amount"":25}]"
2038602,33106717,,,,"[{""assetType"":""item"",""id"":11117403,""amount"":75},{""assetType"":""item"",""id"":11117301,""amount"":25}]"
2038602,33522320,,,,"[{""assetType"":""item"",""id"":11117403,""amount"":75},{""assetType"":""item"",""id"":11117301,""amount"":25}]"
2039502,31369018,,,,"[{""assetType"":""item"",""id"":11117403,""amount"":75},{""assetType"":""item"",""id"":11117301,""amount"":25}]"
2039502,31770614,,,,"[{""assetType"":""item"",""id"":11117403,""amount"":75},{""assetType"":""item"",""id"":11117301,""amount"":25}]"
2039502,33800425,,,,"[{""assetType"":""item"",""id"":11117403,""amount"":75},{""assetType"":""item"",""id"":11117301,""amount"":25}]"
2039502,33985712,,,,"[{""assetType"":""item"",""id"":11117403,""amount"":75},{""assetType"":""item"",""id"":11117301,""amount"":25}]"
2039502,76546539,,,,"[{""assetType"":""item"",""id"":11117403,""amount"":75},{""assetType"":""item"",""id"":11117301,""amount"":25}]"
2041002,14331003,,,,"[{""assetType"":""item"",""id"":11117403,""amount"":75},{""assetType"":""item"",""id"":11117301,""amount"":25}]"
2041002,15138155,,,,"[{""assetType"":""item"",""id"":11117403,""amount"":75},{""assetType"":""item"",""id"":11117301,""amount"":25}]"
2041002,16303419,,,,"[{""assetType"":""item"",""id"":11117403,""amount"":75},{""assetType"":""item"",""id"":11117301,""amount"":25}]"
2041002,19068760,,,,"[{""assetType"":""item"",""id"":11117403,""amount"":75},{""assetType"":""item"",""id"":11117301,""amount"":25}]"
2041002,21815762,,,,"[{""assetType"":""item"",""id"":11117403,""amount"":75},{""assetType"":""item"",""id"":11117301,""amount"":25}]"
2041002,23563391,,,,"[{""assetType"":""item"",""id"":11117403,""amount"":75},{""assetType"":""item"",""id"":11117301,""amount"":25}]"
2041002,23984226,,,,"[{""assetType"":""item"",""id"":11117403,""amount"":75},{""assetType"":""item"",""id"":11117301,""amount"":25}]"
2041002,28887939,,,,"[{""assetType"":""item"",""id"":11117403,""amount"":75},{""assetType"":""item"",""id"":11117301,""amount"":25}]"
2041002,31184730,,,,"[{""assetType"":""item"",""id"":11117403,""amount"":75},{""assetType"":""item"",""id"":11117301,""amount"":25}]"
2041002,31230922,,,,"[{""assetType"":""item"",""id"":11117403,""amount"":75},{""assetType"":""item"",""id"":11117301,""amount"":25}]"
2041002,31419709,,,,"[{""assetType"":""item"",""id"":11117403,""amount"":75},{""assetType"":""item"",""id"":11117301,""amount"":25}]"
2041002,31952856,,,,"[{""assetType"":""item"",""id"":11117403,""amount"":75},{""assetType"":""item"",""id"":11117301,""amount"":25}]"
2041002,32002545,,,,"[{""assetType"":""item"",""id"":11117403,""amount"":75},{""assetType"":""item"",""id"":11117301,""amount"":25}]"
2041002,32174685,,,,"[{""assetType"":""item"",""id"":11117403,""amount"":75},{""assetType"":""item"",""id"":11117301,""amount"":25}]"
2041002,32624088,,,,"[{""assetType"":""item"",""id"":11117403,""amount"":75},{""assetType"":""item"",""id"":11117301,""amount"":25}]"
2041002,33250111,,,,"[{""assetType"":""item"",""id"":11117403,""amount"":75},{""assetType"":""item"",""id"":11117301,""amount"":25}]"
2041002,33372137,,,,"[{""assetType"":""item"",""id"":11117403,""amount"":75},{""assetType"":""item"",""id"":11117301,""amount"":25}]"
2041002,35494962,,,,"[{""assetType"":""item"",""id"":11117403,""amount"":75},{""assetType"":""item"",""id"":11117301,""amount"":25}]"
2041002,43060407,,,,"[{""assetType"":""item"",""id"":11117403,""amount"":75},{""assetType"":""item"",""id"":11117301,""amount"":25}]"
2041002,43351980,,,,"[{""assetType"":""item"",""id"":11117403,""amount"":75},{""assetType"":""item"",""id"":11117301,""amount"":25}]"
2041002,43589700,,,,"[{""assetType"":""item"",""id"":11117403,""amount"":75},{""assetType"":""item"",""id"":11117301,""amount"":25}]"
2043802,17777878,,,,"[{""assetType"":""item"",""id"":11117403,""amount"":75},{""assetType"":""item"",""id"":11117301,""amount"":25}]"
2043802,19594242,,,,"[{""assetType"":""item"",""id"":11117403,""amount"":75},{""assetType"":""item"",""id"":11117301,""amount"":25}]"
2043802,29035701,,,,"[{""assetType"":""item"",""id"":11117403,""amount"":75},{""assetType"":""item"",""id"":11117301,""amount"":25}]"
2043802,30219879,,,,"[{""assetType"":""item"",""id"":11117403,""amount"":75},{""assetType"":""item"",""id"":11117301,""amount"":25}]"
2043802,30366037,,,,"[{""assetType"":""item"",""id"":11117403,""amount"":75},{""assetType"":""item"",""id"":11117301,""amount"":25}]"
2043802,30429272,,,,"[{""assetType"":""item"",""id"":11117403,""amount"":75},{""assetType"":""item"",""id"":11117301,""amount"":25}]"
2043802,30434658,,,,"[{""assetType"":""item"",""id"":11117403,""amount"":75},{""assetType"":""item"",""id"":11117301,""amount"":25}]"
2043802,33106004,,,,"[{""assetType"":""item"",""id"":11117403,""amount"":75},{""assetType"":""item"",""id"":11117301,""amount"":25}]"
2043802,35644778,,,,"[{""assetType"":""item"",""id"":11117403,""amount"":75},{""assetType"":""item"",""id"":11117301,""amount"":25}]"
2043802,8359098,,,,"[{""assetType"":""item"",""id"":11117403,""amount"":75},{""assetType"":""item"",""id"":11117301,""amount"":25}]"
2044602,36422175,,,,"[{""assetType"":""item"",""id"":11117403,""amount"":75},{""assetType"":""item"",""id"":11117301,""amount"":25}]"
2044602,39522762,,,,"[{""assetType"":""item"",""id"":11117403,""amount"":75},{""assetType"":""item"",""id"":11117301,""amount"":25}]"
2044602,39547765,,,,"[{""assetType"":""item"",""id"":11117403,""amount"":75},{""assetType"":""item"",""id"":11117301,""amount"":25}]"
2046502,37021007,,,,"[{""assetType"":""item"",""id"":11117403,""amount"":75},{""assetType"":""item"",""id"":11117301,""amount"":25}]"
2046502,37744135,,,,"[{""assetType"":""item"",""id"":11117403,""amount"":75},{""assetType"":""item"",""id"":11117301,""amount"":25}]"
2046502,38257905,,,,"[{""assetType"":""item"",""id"":11117403,""amount"":75},{""assetType"":""item"",""id"":11117301,""amount"":25}]"
2046502,38316800,,,,"[{""assetType"":""item"",""id"":11117403,""amount"":75},{""assetType"":""item"",""id"":11117301,""amount"":25}]"
2046502,38521147,,,,"[{""assetType"":""item"",""id"":11117403,""amount"":75},{""assetType"":""item"",""id"":11117301,""amount"":25}]"
2047102,22104347,,,,"[{""assetType"":""item"",""id"":11117403,""amount"":75},{""assetType"":""item"",""id"":11117301,""amount"":25}]"
2047102,38138221,,,,"[{""assetType"":""item"",""id"":11117403,""amount"":75},{""assetType"":""item"",""id"":11117301,""amount"":25}]"
2047102,39358391,,,,"[{""assetType"":""item"",""id"":11117403,""amount"":75},{""assetType"":""item"",""id"":11117301,""amount"":25}]"
2047102,39378218,,,,"[{""assetType"":""item"",""id"":11117403,""amount"":75},{""assetType"":""item"",""id"":11117301,""amount"":25}]"
2047102,55554306,,,,"[{""assetType"":""item"",""id"":11117403,""amount"":75},{""assetType"":""item"",""id"":11117301,""amount"":25}]"
2047502,37250473,,,,"[{""assetType"":""item"",""id"":11117403,""amount"":75},{""assetType"":""item"",""id"":11117301,""amount"":25}]"
2047502,37311632,,,,"[{""assetType"":""item"",""id"":11117403,""amount"":75},{""assetType"":""item"",""id"":11117301,""amount"":25}]"
2047502,38096868,,,,"[{""assetType"":""item"",""id"":11117403,""amount"":75},{""assetType"":""item"",""id"":11117301,""amount"":25}]"
2049702,38623963,,,,"[{""assetType"":""item"",""id"":11117403,""amount"":75},{""assetType"":""item"",""id"":11117301,""amount"":25}]"
2049702,41821861,,,,"[{""assetType"":""item"",""id"":11117403,""amount"":75},{""assetType"":""item"",""id"":11117301,""amount"":25}]"
2050502,36717689,,,,"[{""assetType"":""item"",""id"":11117403,""amount"":75},{""assetType"":""item"",""id"":11117301,""amount"":25}]"
2050802,40264020,,,,"[{""assetType"":""item"",""id"":11117403,""amount"":75},{""assetType"":""item"",""id"":11117301,""amount"":25}]"
2051002,37602413,,,,"[{""assetType"":""item"",""id"":11117403,""amount"":75},{""assetType"":""item"",""id"":11117301,""amount"":25}]"
2051002,38893932,,,,"[{""assetType"":""item"",""id"":11117403,""amount"":75},{""assetType"":""item"",""id"":11117301,""amount"":25}]"
2051002,41884475,,,,"[{""assetType"":""item"",""id"":11117403,""amount"":75},{""assetType"":""item"",""id"":11117301,""amount"":25}]"
2051302,42235454,,,,"[{""assetType"":""item"",""id"":11117403,""amount"":75},{""assetType"":""item"",""id"":11117301,""amount"":25}]"
2051302,43142161,,,,"[{""assetType"":""item"",""id"":11117403,""amount"":75},{""assetType"":""item"",""id"":11117301,""amount"":25}]"
2051302,54295305,,,,"[{""assetType"":""item"",""id"":11117403,""amount"":75},{""assetType"":""item"",""id"":11117301,""amount"":25}]"
2052502,43785598,,,,"[{""assetType"":""item"",""id"":11117403,""amount"":75},{""assetType"":""item"",""id"":11117301,""amount"":25}]"
2052502,49833858,,,,"[{""assetType"":""item"",""id"":11117403,""amount"":75},{""assetType"":""item"",""id"":11117301,""amount"":25}]"
2052502,55411106,,,,"[{""assetType"":""item"",""id"":11117403,""amount"":75},{""assetType"":""item"",""id"":11117301,""amount"":25}]"
2052702,43582178,,,,"[{""assetType"":""item"",""id"":11117403,""amount"":75},{""assetType"":""item"",""id"":11117301,""amount"":25}]"
2052702,50681822,,,,"[{""assetType"":""item"",""id"":11117403,""amount"":75},{""assetType"":""item"",""id"":11117301,""amount"":25}]"
2054002,19893734,,,,"[{""assetType"":""item"",""id"":11117403,""amount"":75},{""assetType"":""item"",""id"":11117301,""amount"":25}]"
2054002,23084111,,,,"[{""assetType"":""item"",""id"":11117403,""amount"":75},{""assetType"":""item"",""id"":11117301,""amount"":25}]"
2054002,30122349,,,,"[{""assetType"":""item"",""id"":11117403,""amount"":75},{""assetType"":""item"",""id"":11117301,""amount"":25}]"
2054002,42220700,,,,"[{""assetType"":""item"",""id"":11117403,""amount"":75},{""assetType"":""item"",""id"":11117301,""amount"":25}]"
2054002,44510856,,,,"[{""assetType"":""item"",""id"":11117403,""amount"":75},{""assetType"":""item"",""id"":11117301,""amount"":25}]"
2054002,45813632,,,,"[{""assetType"":""item"",""id"":11117403,""amount"":75},{""assetType"":""item"",""id"":11117301,""amount"":25}]"
2054002,47059137,,,,"[{""assetType"":""item"",""id"":11117403,""amount"":75},{""assetType"":""item"",""id"":11117301,""amount"":25}]"
2054002,55807692,,,,"[{""assetType"":""item"",""id"":11117403,""amount"":75},{""assetType"":""item"",""id"":11117301,""amount"":25}]"
2054202,44931151,,,,"[{""assetType"":""item"",""id"":11117403,""amount"":75},{""assetType"":""item"",""id"":11117301,""amount"":25}]"
2054202,45623299,,,,"[{""assetType"":""item"",""id"":11117403,""amount"":75},{""assetType"":""item"",""id"":11117301,""amount"":25}]"
2054202,45629654,,,,"[{""assetType"":""item"",""id"":11117403,""amount"":75},{""assetType"":""item"",""id"":11117301,""amount"":25}]"
2054202,45816253,,,,"[{""assetType"":""item"",""id"":11117403,""amount"":75},{""assetType"":""item"",""id"":11117301,""amount"":25}]"
2054202,46220970,,,,"[{""assetType"":""item"",""id"":11117403,""amount"":75},{""assetType"":""item"",""id"":11117301,""amount"":25}]"
2054202,46644114,,,,"[{""assetType"":""item"",""id"":11117403,""amount"":75},{""assetType"":""item"",""id"":11117301,""amount"":25}]"
2054202,46727120,,,,"[{""assetType"":""item"",""id"":11117403,""amount"":75},{""assetType"":""item"",""id"":11117301,""amount"":25}]"
2054202,46728214,,,,"[{""assetType"":""item"",""id"":11117403,""amount"":75},{""assetType"":""item"",""id"":11117301,""amount"":25}]"
2054202,46746081,,,,"[{""assetType"":""item"",""id"":11117403,""amount"":75},{""assetType"":""item"",""id"":11117301,""amount"":25}]"
2054202,46844671,,,,"[{""assetType"":""item"",""id"":11117403,""amount"":75},{""assetType"":""item"",""id"":11117301,""amount"":25}]"
2054202,47084081,,,,"[{""assetType"":""item"",""id"":11117403,""amount"":75},{""assetType"":""item"",""id"":11117301,""amount"":25}]"
2055302,44313908,,,,"[{""assetType"":""item"",""id"":11117403,""amount"":75},{""assetType"":""item"",""id"":11117301,""amount"":25}]"
2055302,47488284,,,,"[{""assetType"":""item"",""id"":11117403,""amount"":75},{""assetType"":""item"",""id"":11117301,""amount"":25}]"
2055802,48984720,,,,"[{""assetType"":""item"",""id"":11117403,""amount"":75},{""assetType"":""item"",""id"":11117301,""amount"":25}]"
2055802,50100879,,,,"[{""assetType"":""item"",""id"":11117403,""amount"":75},{""assetType"":""item"",""id"":11117301,""amount"":25}]"
2055802,50406467,,,,"[{""assetType"":""item"",""id"":11117403,""amount"":75},{""assetType"":""item"",""id"":11117301,""amount"":25}]"
2055802,50416621,,,,"[{""assetType"":""item"",""id"":11117403,""amount"":75},{""assetType"":""item"",""id"":11117301,""amount"":25}]"
2056102,48591626,,,,"[{""assetType"":""item"",""id"":11117403,""amount"":75},{""assetType"":""item"",""id"":11117301,""amount"":25}]"
2056102,48651027,,,,"[{""assetType"":""item"",""id"":11117403,""amount"":75},{""assetType"":""item"",""id"":11117301,""amount"":25}]"
2056102,48669632,,,,"[{""assetType"":""item"",""id"":11117403,""amount"":75},{""assetType"":""item"",""id"":11117301,""amount"":25}]"
2056102,53016855,,,,"[{""assetType"":""item"",""id"":11117403,""amount"":75},{""assetType"":""item"",""id"":11117301,""amount"":25}]"
2058302,51347455,,,,"[{""assetType"":""item"",""id"":11117403,""amount"":75},{""assetType"":""item"",""id"":11117301,""amount"":25}]"
2058302,52645384,,,,"[{""assetType"":""item"",""id"":11117403,""amount"":75},{""assetType"":""item"",""id"":11117301,""amount"":25}]"
2058302,53293406,,,,"[{""assetType"":""item"",""id"":11117403,""amount"":75},{""assetType"":""item"",""id"":11117301,""amount"":25}]"
2058302,56636784,,,,"[{""assetType"":""item"",""id"":11117403,""amount"":75},{""assetType"":""item"",""id"":11117301,""amount"":25}]"
2058402,34210976,,,,"[{""assetType"":""item"",""id"":11117403,""amount"":75},{""assetType"":""item"",""id"":11117301,""amount"":25}]"
2058402,47568171,,,,"[{""assetType"":""item"",""id"":11117403,""amount"":75},{""assetType"":""item"",""id"":11117301,""amount"":25}]"
2058402,49669542,,,,"[{""assetType"":""item"",""id"":11117403,""amount"":75},{""assetType"":""item"",""id"":11117301,""amount"":25}]"
2058402,51791042,,,,"[{""assetType"":""item"",""id"":11117403,""amount"":75},{""assetType"":""item"",""id"":11117301,""amount"":25}]"
2058402,54055764,,,,"[{""assetType"":""item"",""id"":11117403,""amount"":75},{""assetType"":""item"",""id"":11117301,""amount"":25}]"
2058402,54108089,,,,"[{""assetType"":""item"",""id"":11117403,""amount"":75},{""assetType"":""item"",""id"":11117301,""amount"":25}]"
2058402,54336666,,,,"[{""assetType"":""item"",""id"":11117403,""amount"":75},{""assetType"":""item"",""id"":11117301,""amount"":25}]"
2058402,56451856,,,,"[{""assetType"":""item"",""id"":11117403,""amount"":75},{""assetType"":""item"",""id"":11117301,""amount"":25}]"
2058802,45331910,,,,"[{""assetType"":""item"",""id"":11117403,""amount"":75},{""assetType"":""item"",""id"":11117301,""amount"":25}]"
2058802,45923540,,,,"[{""assetType"":""item"",""id"":11117403,""amount"":75},{""assetType"":""item"",""id"":11117301,""amount"":25}]"
2058802,50002904,,,,"[{""assetType"":""item"",""id"":11117403,""amount"":75},{""assetType"":""item"",""id"":11117301,""amount"":25}]"
2058802,53324485,,,,"[{""assetType"":""item"",""id"":11117403,""amount"":75},{""assetType"":""item"",""id"":11117301,""amount"":25}]"
2060302,34871036,,,,"[{""assetType"":""item"",""id"":11117403,""amount"":75},{""assetType"":""item"",""id"":11117301,""amount"":25}]"
2060302,56201192,,,,"[{""assetType"":""item"",""id"":11117403,""amount"":75},{""assetType"":""item"",""id"":11117301,""amount"":25}]"
2060302,56649989,,,,"[{""assetType"":""item"",""id"":11117403,""amount"":75},{""assetType"":""item"",""id"":11117301,""amount"":25}]"
2060302,56667850,,,,"[{""assetType"":""item"",""id"":11117403,""amount"":75},{""assetType"":""item"",""id"":11117301,""amount"":25}]"
2060302,57045506,,,,"[{""assetType"":""item"",""id"":11117403,""amount"":75},{""assetType"":""item"",""id"":11117301,""amount"":25}]"
2060302,61772013,,,,"[{""assetType"":""item"",""id"":11117403,""amount"":75},{""assetType"":""item"",""id"":11117301,""amount"":25}]"
2060302,63894710,,,,"[{""assetType"":""item"",""id"":11117403,""amount"":75},{""assetType"":""item"",""id"":11117301,""amount"":25}]"
2060302,65065503,,,,"[{""assetType"":""item"",""id"":11117403,""amount"":75},{""assetType"":""item"",""id"":11117301,""amount"":25}]"
2060302,66195599,,,,"[{""assetType"":""item"",""id"":11117403,""amount"":75},{""assetType"":""item"",""id"":11117301,""amount"":25}]"
2060902,59793165,,,,"[{""assetType"":""item"",""id"":11117403,""amount"":75},{""assetType"":""item"",""id"":11117301,""amount"":25}]"
2060902,64981060,,,,"[{""assetType"":""item"",""id"":11117403,""amount"":75},{""assetType"":""item"",""id"":11117301,""amount"":25}]"
2061402,14412311,,,,"[{""assetType"":""item"",""id"":11117403,""amount"":75},{""assetType"":""item"",""id"":11117301,""amount"":25}]"
2061402,20647079,,,,"[{""assetType"":""item"",""id"":11117403,""amount"":75},{""assetType"":""item"",""id"":11117301,""amount"":25}]"
2061402,34108816,,,,"[{""assetType"":""item"",""id"":11117403,""amount"":75},{""assetType"":""item"",""id"":11117301,""amount"":25}]"
2061402,56756635,,,,"[{""assetType"":""item"",""id"":11117403,""amount"":75},{""assetType"":""item"",""id"":11117301,""amount"":25}]"
2061402,56963121,,,,"[{""assetType"":""item"",""id"":11117403,""amount"":75},{""assetType"":""item"",""id"":11117301,""amount"":25}]"
2061402,58790686,,,,"[{""assetType"":""item"",""id"":11117403,""amount"":75},{""assetType"":""item"",""id"":11117301,""amount"":25}]"
2061402,60437133,,,,"[{""assetType"":""item"",""id"":11117403,""amount"":75},{""assetType"":""item"",""id"":11117301,""amount"":25}]"
2062402,59231397,,,,"[{""assetType"":""item"",""id"":11117403,""amount"":75},{""assetType"":""item"",""id"":11117301,""amount"":25}]"
2062402,61997154,,,,"[{""assetType"":""item"",""id"":11117403,""amount"":75},{""assetType"":""item"",""id"":11117301,""amount"":25}]"
2062402,67428918,,,,"[{""assetType"":""item"",""id"":11117403,""amount"":75},{""assetType"":""item"",""id"":11117301,""amount"":25}]"
2062602,6002215,,,,"[{""assetType"":""item"",""id"":11117403,""amount"":75},{""assetType"":""item"",""id"":11117301,""amount"":25}]"
2063202,28877038,,,,"[{""assetType"":""item"",""id"":11117403,""amount"":75},{""assetType"":""item"",""id"":11117301,""amount"":25}]"
2063202,49831730,,,,"[{""assetType"":""item"",""id"":11117403,""amount"":75},{""assetType"":""item"",""id"":11117301,""amount"":25}]"
2063202,58092672,,,,"[{""assetType"":""item"",""id"":11117403,""amount"":75},{""assetType"":""item"",""id"":11117301,""amount"":25}]"
2063202,58160138,,,,"[{""assetType"":""item"",""id"":11117403,""amount"":75},{""assetType"":""item"",""id"":11117301,""amount"":25}]"
2063202,58615841,,,,"[{""assetType"":""item"",""id"":11117403,""amount"":75},{""assetType"":""item"",""id"":11117301,""amount"":25}]"
2063202,63721485,,,,"[{""assetType"":""item"",""id"":11117403,""amount"":75},{""assetType"":""item"",""id"":11117301,""amount"":25}]"
2066102,67519980,,,,"[{""assetType"":""item"",""id"":11117403,""amount"":75},{""assetType"":""item"",""id"":11117301,""amount"":25}]"
2066102,67761322,,,,"[{""assetType"":""item"",""id"":11117403,""amount"":75},{""assetType"":""item"",""id"":11117301,""amount"":25}]"
2066102,67836518,,,,"[{""assetType"":""item"",""id"":11117403,""amount"":75},{""assetType"":""item"",""id"":11117301,""amount"":25}]"
2066102,68854926,,,,"[{""assetType"":""item"",""id"":11117403,""amount"":75},{""assetType"":""item"",""id"":11117301,""amount"":25}]"
2066102,71128991,,,,"[{""assetType"":""item"",""id"":11117403,""amount"":75},{""assetType"":""item"",""id"":11117301,""amount"":25}]"
2066102,71135632,,,,"[{""assetType"":""item"",""id"":11117403,""amount"":75},{""assetType"":""item"",""id"":11117301,""amount"":25}]"
2066102,73276609,,,,"[{""assetType"":""item"",""id"":11117403,""amount"":75},{""assetType"":""item"",""id"":11117301,""amount"":25}]"
2066102,73978539,,,,"[{""assetType"":""item"",""id"":11117403,""amount"":75},{""assetType"":""item"",""id"":11117301,""amount"":25}]"
2066102,74183913,,,,"[{""assetType"":""item"",""id"":11117403,""amount"":75},{""assetType"":""item"",""id"":11117301,""amount"":25}]"
2068602,34839533,,,,"[{""assetType"":""item"",""id"":11117403,""amount"":75},{""assetType"":""item"",""id"":11117301,""amount"":25}]"
2068602,69885523,,,,"[{""assetType"":""item"",""id"":11117403,""amount"":75},{""assetType"":""item"",""id"":11117301,""amount"":25}]"
2068602,70971660,,,,"[{""assetType"":""item"",""id"":11117403,""amount"":75},{""assetType"":""item"",""id"":11117301,""amount"":25}]"
2069702,69464352,,,,"[{""assetType"":""item"",""id"":11117403,""amount"":75},{""assetType"":""item"",""id"":11117301,""amount"":25}]"
2069702,69966907,,,,"[{""assetType"":""item"",""id"":11117403,""amount"":75},{""assetType"":""item"",""id"":11117301,""amount"":25}]"
2069702,72038219,,,,"[{""assetType"":""item"",""id"":11117403,""amount"":75},{""assetType"":""item"",""id"":11117301,""amount"":25}]"
2069702,72563140,,,,"[{""assetType"":""item"",""id"":11117403,""amount"":75},{""assetType"":""item"",""id"":11117301,""amount"":25}]"
2073702,29241979,,,,"[{""assetType"":""item"",""id"":11117403,""amount"":75},{""assetType"":""item"",""id"":11117301,""amount"":25}]"
2073702,32101526,,,,"[{""assetType"":""item"",""id"":11117403,""amount"":75},{""assetType"":""item"",""id"":11117301,""amount"":25}]"
2073702,74788230,,,,"[{""assetType"":""item"",""id"":11117403,""amount"":75},{""assetType"":""item"",""id"":11117301,""amount"":25}]"
2073702,75446575,,,,"[{""assetType"":""item"",""id"":11117403,""amount"":75},{""assetType"":""item"",""id"":11117301,""amount"":25}]"
2073702,75578484,,,,"[{""assetType"":""item"",""id"":11117403,""amount"":75},{""assetType"":""item"",""id"":11117301,""amount"":25}]"
2074702,41440335,,,,"[{""assetType"":""item"",""id"":11117403,""amount"":75},{""assetType"":""item"",""id"":11117301,""amount"":25}]"
2074702,74112231,,,,"[{""assetType"":""item"",""id"":11117403,""amount"":75},{""assetType"":""item"",""id"":11117301,""amount"":25}]"
2074702,74174722,,,,"[{""assetType"":""item"",""id"":11117403,""amount"":75},{""assetType"":""item"",""id"":11117301,""amount"":25}]"
2074702,74617529,,,,"[{""assetType"":""item"",""id"":11117403,""amount"":75},{""assetType"":""item"",""id"":11117301,""amount"":25}]"
2074702,76135719,,,,"[{""assetType"":""item"",""id"":11117403,""amount"":75},{""assetType"":""item"",""id"":11117301,""amount"":25}]"
2074702,80043010,,,,"[{""assetType"":""item"",""id"":11117403,""amount"":75},{""assetType"":""item"",""id"":11117301,""amount"":25}]"
2075202,77636397,,,,"[{""assetType"":""item"",""id"":11117403,""amount"":75},{""assetType"":""item"",""id"":11117301,""amount"":25}]"
2075202,78628455,,,,"[{""assetType"":""item"",""id"":11117403,""amount"":75},{""assetType"":""item"",""id"":11117301,""amount"":25}]"
2075202,78889498,,,,"[{""assetType"":""item"",""id"":11117403,""amount"":75},{""assetType"":""item"",""id"":11117301,""amount"":25}]"
2075802,76897963,,,,"[{""assetType"":""item"",""id"":11117403,""amount"":75},{""assetType"":""item"",""id"":11117301,""amount"":25}]"
2075802,77112661,,,,"[{""assetType"":""item"",""id"":11117403,""amount"":75},{""assetType"":""item"",""id"":11117301,""amount"":25}]"
2075802,79023038,,,,"[{""assetType"":""item"",""id"":11117403,""amount"":75},{""assetType"":""item"",""id"":11117301,""amount"":25}]"
2077002,200011570,,,,"[{""assetType"":""item"",""id"":11117403,""amount"":75},{""assetType"":""item"",""id"":11117301,""amount"":25}]"
2077002,27608534,,,,"[{""assetType"":""item"",""id"":11117403,""amount"":75},{""assetType"":""item"",""id"":11117301,""amount"":25}]"
2077002,80504175,,,,"[{""assetType"":""item"",""id"":11117403,""amount"":75},{""assetType"":""item"",""id"":11117301,""amount"":25}]"
2077002,80513657,,,,"[{""assetType"":""item"",""id"":11117403,""amount"":75},{""assetType"":""item"",""id"":11117301,""amount"":25}]"
2077102,202943605,,,,"[{""assetType"":""item"",""id"":11117403,""amount"":75},{""assetType"":""item"",""id"":11117301,""amount"":25}]"
2077102,203382490,,,,"[{""assetType"":""item"",""id"":11117403,""amount"":75},{""assetType"":""item"",""id"":11117301,""amount"":25}]"
2077102,75449739,,,,"[{""assetType"":""item"",""id"":11117403,""amount"":75},{""assetType"":""item"",""id"":11117301,""amount"":25}]"
2077102,79782981,,,,"[{""assetType"":""item"",""id"":11117403,""amount"":75},{""assetType"":""item"",""id"":11117301,""amount"":25}]"
2077102,80572980,,,,"[{""assetType"":""item"",""id"":11117403,""amount"":75},{""assetType"":""item"",""id"":11117301,""amount"":25}]"
2077102,80643884,,,,"[{""assetType"":""item"",""id"":11117403,""amount"":75},{""assetType"":""item"",""id"":11117301,""amount"":25}]"
2077102,80716692,,,,"[{""assetType"":""item"",""id"":11117403,""amount"":75},{""assetType"":""item"",""id"":11117301,""amount"":25}]"
2077102,80744637,,,,"[{""assetType"":""item"",""id"":11117403,""amount"":75},{""assetType"":""item"",""id"":11117301,""amount"":25}]"
2077702,200914659,,,,"[{""assetType"":""item"",""id"":11117403,""amount"":75},{""assetType"":""item"",""id"":11117301,""amount"":25}]"
2077702,201058202,,,,"[{""assetType"":""item"",""id"":11117403,""amount"":75},{""assetType"":""item"",""id"":11117301,""amount"":25}]"
2077702,201729274,,,,"[{""assetType"":""item"",""id"":11117403,""amount"":75},{""assetType"":""item"",""id"":11117301,""amount"":25}]"
2077702,201800786,,,,"[{""assetType"":""item"",""id"":11117403,""amount"":75},{""assetType"":""item"",""id"":11117301,""amount"":25}]"
2077702,201850946,,,,"[{""assetType"":""item"",""id"":11117403,""amount"":75},{""assetType"":""item"",""id"":11117301,""amount"":25}]"
2078402,87417027,,,,"[{""assetType"":""item"",""id"":11117403,""amount"":75},{""assetType"":""item"",""id"":11117301,""amount"":25}]"
2078402,88354098,,,,"[{""assetType"":""item"",""id"":11117403,""amount"":75},{""assetType"":""item"",""id"":11117301,""amount"":25}]"
2078402,88534330,,,,"[{""assetType"":""item"",""id"":11117403,""amount"":75},{""assetType"":""item"",""id"":11117301,""amount"":25}]"
2078702,47967993,,,,"[{""assetType"":""item"",""id"":11117403,""amount"":75},{""assetType"":""item"",""id"":11117301,""amount"":25}]"
2078702,82181977,,,,"[{""assetType"":""item"",""id"":11117403,""amount"":75},{""assetType"":""item"",""id"":11117301,""amount"":25}]"
2078702,83076167,,,,"[{""assetType"":""item"",""id"":11117403,""amount"":75},{""assetType"":""item"",""id"":11117301,""amount"":25}]"
2078702,86805641,,,,"[{""assetType"":""item"",""id"":11117403,""amount"":75},{""assetType"":""item"",""id"":11117301,""amount"":25}]"
2079102,203534233,,,,"[{""assetType"":""item"",""id"":11117403,""amount"":75},{""assetType"":""item"",""id"":11117301,""amount"":25}]"
2079102,23865614,,,,"[{""assetType"":""item"",""id"":11117403,""amount"":75},{""assetType"":""item"",""id"":11117301,""amount"":25}]"
2079102,84490801,,,,"[{""assetType"":""item"",""id"":11117403,""amount"":75},{""assetType"":""item"",""id"":11117301,""amount"":25}]"
2079102,86016163,,,,"[{""assetType"":""item"",""id"":11117403,""amount"":75},{""assetType"":""item"",""id"":11117301,""amount"":25}]"
2079302,200117375,,,,"[{""assetType"":""item"",""id"":11117403,""amount"":75},{""assetType"":""item"",""id"":11117301,""amount"":25}]"
2079302,213220365,,,,"[{""assetType"":""item"",""id"":11117403,""amount"":75},{""assetType"":""item"",""id"":11117301,""amount"":25}]"
2079302,84101086,,,,"[{""assetType"":""item"",""id"":11117403,""amount"":75},{""assetType"":""item"",""id"":11117301,""amount"":25}]"
2079302,86730967,,,,"[{""assetType"":""item"",""id"":11117403,""amount"":75},{""assetType"":""item"",""id"":11117301,""amount"":25}]"
2079302,87483171,,,,"[{""assetType"":""item"",""id"":11117403,""amount"":75},{""assetType"":""item"",""id"":11117301,""amount"":25}]"
2079402,85208736,,,,"[{""assetType"":""item"",""id"":11117403,""amount"":75},{""assetType"":""item"",""id"":11117301,""amount"":25}]"
2079402,86207101,,,,"[{""assetType"":""item"",""id"":11117403,""amount"":75},{""assetType"":""item"",""id"":11117301,""amount"":25}]"
2084102,204704372,,,,"[{""assetType"":""item"",""id"":11117403,""amount"":75},{""assetType"":""item"",""id"":11117301,""amount"":25}]"
2084502,206050535,,,,"[{""assetType"":""item"",""id"":11117403,""amount"":75},{""assetType"":""item"",""id"":11117301,""amount"":25}]"
2084502,209520756,,,,"[{""assetType"":""item"",""id"":11117403,""amount"":75},{""assetType"":""item"",""id"":11117301,""amount"":25}]"
2085302,207180683,,,,"[{""assetType"":""item"",""id"":11117403,""amount"":75},{""assetType"":""item"",""id"":11117301,""amount"":25}]"
2085302,208909340,,,,"[{""assetType"":""item"",""id"":11117403,""amount"":75},{""assetType"":""item"",""id"":11117301,""amount"":25}]"
2086302,206659964,,,,"[{""assetType"":""item"",""id"":11117403,""amount"":75},{""assetType"":""item"",""id"":11117301,""amount"":25}]"
2086302,206872234,,,,"[{""assetType"":""item"",""id"":11117403,""amount"":75},{""assetType"":""item"",""id"":11117301,""amount"":25}]"
2086302,208034260,,,,"[{""assetType"":""item"",""id"":11117403,""amount"":75},{""assetType"":""item"",""id"":11117301,""amount"":25}]"
2086302,208769033,,,,"[{""assetType"":""item"",""id"":11117403,""amount"":75},{""assetType"":""item"",""id"":11117301,""amount"":25}]"
2087402,210710864,,,,"[{""assetType"":""item"",""id"":11117403,""amount"":75},{""assetType"":""item"",""id"":11117301,""amount"":25}]"
2087402,211362929,,,,"[{""assetType"":""item"",""id"":11117403,""amount"":75},{""assetType"":""item"",""id"":11117301,""amount"":25}]"
2087402,211375285,,,,"[{""assetType"":""item"",""id"":11117403,""amount"":75},{""assetType"":""item"",""id"":11117301,""amount"":25}]"
2087402,211992690,,,,"[{""assetType"":""item"",""id"":11117403,""amount"":75},{""assetType"":""item"",""id"":11117301,""amount"":25}]"
2087402,212090192,,,,"[{""assetType"":""item"",""id"":11117403,""amount"":75},{""assetType"":""item"",""id"":11117301,""amount"":25}]"
2088202,211039530,,,,"[{""assetType"":""item"",""id"":11117403,""amount"":75},{""assetType"":""item"",""id"":11117301,""amount"":25}]"
2088202,211904728,,,,"[{""assetType"":""item"",""id"":11117403,""amount"":75},{""assetType"":""item"",""id"":11117301,""amount"":25}]"
2088202,211959869,,,,"[{""assetType"":""item"",""id"":11117403,""amount"":75},{""assetType"":""item"",""id"":11117301,""amount"":25}]"
2088202,212231825,,,,"[{""assetType"":""item"",""id"":11117403,""amount"":75},{""assetType"":""item"",""id"":11117301,""amount"":25}]"
2088202,212325782,,,,"[{""assetType"":""item"",""id"":11117403,""amount"":75},{""assetType"":""item"",""id"":11117301,""amount"":25}]"
2088302,210305670,,,,"[{""assetType"":""item"",""id"":11117403,""amount"":75},{""assetType"":""item"",""id"":11117301,""amount"":25}]"
2088302,210370222,,,,"[{""assetType"":""item"",""id"":11117403,""amount"":75},{""assetType"":""item"",""id"":11117301,""amount"":25}]"
2088302,211424840,,,,"[{""assetType"":""item"",""id"":11117403,""amount"":75},{""assetType"":""item"",""id"":11117301,""amount"":25}]"
2088302,213149047,,,,"[{""assetType"":""item"",""id"":11117403,""amount"":75},{""assetType"":""item"",""id"":11117301,""amount"":25}]"
2088802,212692533,,,,"[{""assetType"":""item"",""id"":11117403,""amount"":75},{""assetType"":""item"",""id"":11117301,""amount"":25}]"
2088802,212734130,,,,"[{""assetType"":""item"",""id"":11117403,""amount"":75},{""assetType"":""item"",""id"":11117301,""amount"":25}]"
2088802,213540253,,,,"[{""assetType"":""item"",""id"":11117403,""amount"":75},{""assetType"":""item"",""id"":11117301,""amount"":25}]"
2088902,213572576,,,,"[{""assetType"":""item"",""id"":11117403,""amount"":75},{""assetType"":""item"",""id"":11117301,""amount"":25}]"
2090802,217010935,,,,"[{""assetType"":""item"",""id"":11117403,""amount"":75},{""assetType"":""item"",""id"":11117301,""amount"":25}]"
2090802,217885015,,,,"[{""assetType"":""item"",""id"":11117403,""amount"":75},{""assetType"":""item"",""id"":11117301,""amount"":25}]"
2091102,218466173,,,,"[{""assetType"":""item"",""id"":11117403,""amount"":75},{""assetType"":""item"",""id"":11117301,""amount"":25}]"
2091102,218473333,,,,"[{""assetType"":""item"",""id"":11117403,""amount"":75},{""assetType"":""item"",""id"":11117301,""amount"":25}]"
2091102,218896357,,,,"[{""assetType"":""item"",""id"":11117403,""amount"":75},{""assetType"":""item"",""id"":11117301,""amount"":25}]"
2091302,218151732,,,,"[{""assetType"":""item"",""id"":11117403,""amount"":75},{""assetType"":""item"",""id"":11117301,""amount"":25}]"
2091302,218155358,,,,"[{""assetType"":""item"",""id"":11117403,""amount"":75},{""assetType"":""item"",""id"":11117301,""amount"":25}]"
2091302,218215413,,,,"[{""assetType"":""item"",""id"":11117403,""amount"":75},{""assetType"":""item"",""id"":11117301,""amount"":25}]"
2091302,218649506,,,,"[{""assetType"":""item"",""id"":11117403,""amount"":75},{""assetType"":""item"",""id"":11117301,""amount"":25}]"
2091302,218655117,,,,"[{""assetType"":""item"",""id"":11117403,""amount"":75},{""assetType"":""item"",""id"":11117301,""amount"":25}]"
2092602,220310024,,,,"[{""assetType"":""item"",""id"":11117403,""amount"":75},{""assetType"":""item"",""id"":11117301,""amount"":25}]"
2092802,220553191,,,,"[{""assetType"":""item"",""id"":11117403,""amount"":75},{""assetType"":""item"",""id"":11117301,""amount"":25}]"
2092802,220673118,,,,"[{""assetType"":""item"",""id"":11117403,""amount"":75},{""assetType"":""item"",""id"":11117301,""amount"":25}]"
2093002,220967654,,,,"[{""assetType"":""item"",""id"":11117403,""amount"":75},{""assetType"":""item"",""id"":11117301,""amount"":25}]"
2093202,221031529,,,,"[{""assetType"":""item"",""id"":11117403,""amount"":75},{""assetType"":""item"",""id"":11117301,""amount"":25}]"
2093202,221222856,,,,"[{""assetType"":""item"",""id"":11117403,""amount"":75},{""assetType"":""item"",""id"":11117301,""amount"":25}]"
2093202,221241156,,,,"[{""assetType"":""item"",""id"":11117403,""amount"":75},{""assetType"":""item"",""id"":11117301,""amount"":25}]"
2093402,221617248,,,,"[{""assetType"":""item"",""id"":11117403,""amount"":75},{""assetType"":""item"",""id"":11117301,""amount"":25}]"
2093702,222104553,,,,"[{""assetType"":""item"",""id"":11117403,""amount"":75},{""assetType"":""item"",""id"":11117301,""amount"":25}]"
2093702,222105762,,,,"[{""assetType"":""item"",""id"":11117403,""amount"":75},{""assetType"":""item"",""id"":11117301,""amount"":25}]"
2093702,222132816,,,,"[{""assetType"":""item"",""id"":11117403,""amount"":75},{""assetType"":""item"",""id"":11117301,""amount"":25}]"
2600502,120956657,,,,"[{""assetType"":""item"",""id"":11117403,""amount"":75},{""assetType"":""item"",""id"":11117301,""amount"":25}]"
2600602,123245731,,,,"[{""assetType"":""item"",""id"":11117403,""amount"":75},{""assetType"":""item"",""id"":11117301,""amount"":25}]"
2603602,120178119,,,,"[{""assetType"":""item"",""id"":11117403,""amount"":75},{""assetType"":""item"",""id"":11117301,""amount"":25}]"
2606502,214679593,,,,"[{""assetType"":""item"",""id"":11117403,""amount"":75},{""assetType"":""item"",""id"":11117301,""amount"":25}]"
