	211200075	夏日节-2025-强消耗-2025（新服）	summer_2025_strong_consume	0	49990	21127141	"{""op"":""ge"",""typ"":""building"",""id"":111811,""val"":6}"	"{""label"":""LC_EVENT_summer_2025_lucky_gacha_title"",""title"":""LC_EVENT_summer_2025_lucky_gacha_title""}"	"[{""typ"":""drop"",""id"":21241882},{""typ"":""drop"",""id"":21241883},{""typ"":""drop"",""id"":21241884},{""typ"":""drop"",""id"":21241885},{""typ"":""retake"",""id"":21371226},{""typ"":""retake"",""id"":21371227},{""typ"":""package"",""id"":21353092},{""typ"":""actv_show_rank"",""id"":21215079},{""typ"":""rank"",""id"":21222097},{""typ"":""task"",""id"":211562039},{""typ"":""task"",""id"":211562040},{""typ"":""task"",""id"":211562041},{""typ"":""task"",""id"":211562042},{""typ"":""task"",""id"":211562043},{""typ"":""task"",""id"":211562044},{""typ"":""task"",""id"":211562045},{""typ"":""task"",""id"":211562046},{""typ"":""task"",""id"":211562047},{""typ"":""task"",""id"":211562048},{""typ"":""task"",""id"":211562049},{""typ"":""task"",""id"":211562050},{""typ"":""task"",""id"":211562051},{""typ"":""task"",""id"":211562052},{""typ"":""package"",""id"":21353093},{""typ"":""package"",""id"":21353094},{""typ"":""package"",""id"":21353095},{""typ"":""package"",""id"":21353096},{""typ"":""package"",""id"":21353097}]"	"{""rule"":""LC_EVENT_summer_2025_lucky_gacha_title_rule""}"	21191251	1	""""""	""""""	1	0	15117248	211201001	0	[]	""""""	0	1511018829	0	""""""	0
	211200076	夏日节-七日任务活动-2025（新服）	summer_2025_event_x2_fiveday	0	49989	211200099	"{""op"":""ge"",""typ"":""building"",""id"":111811,""val"":5}"	"{""label"":""LC_EVENT_summer_2025_sevenday"",""title"":""LC_EVENT_summer_2025_sevenday""}"	"[{""typ"":""task"",""id"":2115110177},{""typ"":""task"",""id"":2115110178},{""typ"":""task"",""id"":2115110179},{""typ"":""task"",""id"":2115110180},{""typ"":""task"",""id"":2115110181},{""typ"":""task"",""id"":2115110182},{""typ"":""task"",""id"":2115110183},{""typ"":""task"",""id"":2115110184},{""typ"":""task"",""id"":2115110185},{""typ"":""task"",""id"":2115110186},{""typ"":""task"",""id"":2115110187},{""typ"":""task"",""id"":2115110188},{""typ"":""task"",""id"":2115110189},{""typ"":""task"",""id"":2115110190},{""typ"":""task"",""id"":2115110191},{""typ"":""task"",""id"":2115110192},{""typ"":""task"",""id"":2115110193},{""typ"":""task"",""id"":2115110194},{""typ"":""task"",""id"":2115110195},{""typ"":""task"",""id"":2115110196},{""typ"":""task"",""id"":2115110197},{""typ"":""task"",""id"":2115110198},{""typ"":""task"",""id"":2115110199},{""typ"":""task"",""id"":2115110200},{""typ"":""task"",""id"":2115110201},{""typ"":""task"",""id"":2115110202},{""typ"":""task"",""id"":2115110203},{""typ"":""task"",""id"":2115110204},{""typ"":""task"",""id"":2115110205},{""typ"":""task"",""id"":2115110206},{""typ"":""task"",""id"":2115110207},{""typ"":""task"",""id"":2115110208},{""typ"":""task"",""id"":2115110209},{""typ"":""task"",""id"":2115110210},{""typ"":""task"",""id"":2115110211},{""typ"":""task"",""id"":2115110212},{""typ"":""task"",""id"":2115110213},{""typ"":""task"",""id"":2115110214},{""typ"":""task"",""id"":2115110215},{""typ"":""task"",""id"":2115110216},{""typ"":""task"",""id"":2115110217},{""typ"":""task"",""id"":2115110218},{""typ"":""task"",""id"":2115110219},{""typ"":""task"",""id"":2115110220},{""typ"":""task"",""id"":2115110221},{""typ"":""task"",""id"":2115110222},{""typ"":""task"",""id"":2115110223},{""typ"":""task"",""id"":2115110224},{""typ"":""task"",""id"":2115110225},{""typ"":""task"",""id"":2115110226},{""typ"":""task"",""id"":2115110227},{""typ"":""task"",""id"":2115110228},{""typ"":""task"",""id"":2115110229},{""typ"":""task"",""id"":2115110230},{""typ"":""task"",""id"":2115110231},{""typ"":""task"",""id"":2115110232},{""typ"":""task"",""id"":2115110233},{""typ"":""task"",""id"":2115110234},{""typ"":""task"",""id"":2115110235},{""typ"":""task"",""id"":2115110236},{""typ"":""task"",""id"":2115110237},{""typ"":""task"",""id"":2115110238},{""typ"":""task"",""id"":2115110239},{""typ"":""task"",""id"":2115110240},{""typ"":""task"",""id"":2115110241},{""typ"":""task"",""id"":2115110242},{""typ"":""task"",""id"":2115110243},{""typ"":""task"",""id"":2115110244},{""typ"":""task"",""id"":2115110245},{""typ"":""task"",""id"":2115110246},{""typ"":""task"",""id"":2115110247},{""typ"":""task"",""id"":2115110248},{""typ"":""task"",""id"":2115110249},{""typ"":""task"",""id"":2115110250},{""typ"":""task"",""id"":2115110251},{""typ"":""task"",""id"":2115110252},{""typ"":""task"",""id"":2115110253},{""typ"":""task"",""id"":2115110254},{""typ"":""task"",""id"":2115110255},{""typ"":""task"",""id"":2115110256},{""typ"":""task"",""id"":2115110257},{""typ"":""task"",""id"":2115110258},{""typ"":""task"",""id"":2115110259},{""typ"":""task"",""id"":2115110260},{""typ"":""task"",""id"":2115110261},{""typ"":""task"",""id"":2115110262},{""typ"":""task"",""id"":2115110263},{""typ"":""task"",""id"":2115110264},{""typ"":""task"",""id"":2115110265},{""typ"":""task"",""id"":2115110266},{""typ"":""task"",""id"":2115110267},{""typ"":""task"",""id"":2115110268},{""typ"":""task"",""id"":2115110269},{""typ"":""task"",""id"":2115110270},{""typ"":""task"",""id"":2115110271},{""typ"":""task"",""id"":2115110272},{""typ"":""task"",""id"":2115110273},{""typ"":""task"",""id"":2115110274},{""typ"":""task"",""id"":2115110275},{""typ"":""task"",""id"":2115110276},{""typ"":""task"",""id"":2115110277},{""typ"":""task"",""id"":2115110278},{""typ"":""task"",""id"":2115110279},{""typ"":""task"",""id"":2115110280},{""typ"":""task"",""id"":2115110281},{""typ"":""task"",""id"":2115110282},{""typ"":""task"",""id"":2115110283},{""typ"":""task"",""id"":2115110284},{""typ"":""task"",""id"":2115110285},{""typ"":""task"",""id"":2115110286},{""typ"":""task"",""id"":2115110287},{""typ"":""task"",""id"":2115110288},{""typ"":""task"",""id"":2115110289},{""typ"":""task"",""id"":2115110290},{""typ"":""task"",""id"":2115110291},{""typ"":""task"",""id"":2115110292},{""typ"":""task"",""id"":2115110293},{""typ"":""task"",""id"":2115110294},{""typ"":""task"",""id"":2115110295},{""typ"":""task"",""id"":2115110296},{""typ"":""task"",""id"":2115110297},{""typ"":""task"",""id"":2115110298},{""typ"":""task"",""id"":2115110299},{""typ"":""task"",""id"":2115110300},{""typ"":""task"",""id"":2115110301},{""typ"":""task"",""id"":2115110302},{""typ"":""task"",""id"":2115110303},{""typ"":""task"",""id"":2115110304},{""typ"":""task"",""id"":2115110305},{""typ"":""task"",""id"":2115110306},{""typ"":""task"",""id"":2115110307},{""typ"":""task"",""id"":2115110308},{""typ"":""task"",""id"":2115110309},{""typ"":""task"",""id"":2115110310},{""typ"":""task"",""id"":2115110311},{""typ"":""task"",""id"":2115110312},{""typ"":""task"",""id"":2115110313},{""typ"":""task"",""id"":2115110314},{""typ"":""task"",""id"":2115110315},{""typ"":""7days_happy"",""id"": 212100059},{""typ"":""7days_happy"",""id"": 212100060},{""typ"":""7days_happy"",""id"": 212100061},{""typ"":""7days_happy"",""id"": 212100062},{""typ"":""7days_happy"",""id"": 212100063}]"	"{""rule"":""LC_EVENT_sevendays_rules_detail""}"	21191299	1	assets/x2/operation/EventBanner/summer_seven_day_banner.png	""""""	1	0	1511017307	211201001	0	"[{""asset"":{""typ"":""item"",""id"":11116206,""val"":80},""setting"":{""serial_number"":5,""ishighlight"":false}},{""asset"":{""typ"":""item"",""id"":11116402,""val"":10},""setting"":{""serial_number"":4,""ishighlight"":false}},{""asset"":{""typ"":""item"",""id"":11114004,""val"":20},""setting"":{""serial_number"":3,""ishighlight"":false}},{""asset"":{""typ"":""item"",""id"":11114003,""val"":20},""setting"":{""serial_number"":2,""ishighlight"":false}}]"	""""""	0	1511018832	0	""""""	0
	211200077	夏日节-装饰礼包-2025（新服）	summer_2025_pkg	0	49988	211200077	"{""op"":""ge"",""typ"":""building"",""id"":111811,""val"":5}"	"{""label"":""LC_EVENT_summer_2025_shop_dec_pack_title"",""title"":""LC_EVENT_summer_2025_shop_dec_pack_title""}"	"[{""typ"":""discount"",""id"":212100051}]"	{}	21191081	1	""""""	assets/x2/operation/EventBanner/ActivityCalendar_Bg_Banner.png	1	0	1511014237	211201001	0	[]	""""""	0	1511018830	0	""""""	0
	211200079	夏日节-bp-2025（新服）	summer_2025_summer_festival_bp	0	49997	21127206	"{""op"":""ge"",""typ"":""building"",""id"":111811,""val"":5}"	"{""group_label"":""LC_EVENT_summer_2025_bp_title"",""label"":""LC_EVENT_summer_2025_bp_title"",""title"":""LC_EVENT_summer_2025_bp_title""}"	"[{""typ"":""battle_pass"",""id"":21300131},{""typ"":""retake"",""id"":21371228},{""typ"":""jump_link"",""id"":212100066},{""typ"":""fes_module"",""id"":21430026}]"	"{""rule"":""LC_EVENT_summer_2025_bp_rule""}"	21191190	1	assets/x2/operation/EventBanner/Activity_bg_SummerBP4.png	""""""	1	0	15117248	211201001	0	[]	""""""	0	1511018818	0	""""""	0
	211200080	夏日节bp礼包_2025（新服）	summer_2025_summer_festival_pkg	0	49996	21127207	"{""op"":""ge"",""typ"":""building"",""id"":111811,""val"":5}"	"{""group_label"":""LC_EVENT_summer_2025_bp_title"",""label"":""LC_EVENT_summer_2025_bp_pack_title"",""title"":""LC_EVENT_summer_2025_bp_pack_title""}"	"[{""typ"":""discount"",""id"":212100058}]"	{}	21191081	1	""""""	assets/x2/operation/EventBanner/Gift_Bg_HolidayGift.png	1	0	0	211201001	0	[]	""""""	0	1511018818	0	""""""	0
	211200081	夏日节连锁礼包-2025-schema3-5（新服）	summer_chain_pack_2025_scheam3_5	0	49994	21127152	"{""op"":""ge"",""typ"":""building"",""id"":111811,""val"":5}"	"{""label"":""LC_EVENT_summer_2025_chain_pack_title"",""title"":""LC_EVENT_summer_2025_chain_pack_title""}"	"[{""typ"":""package"",""id"":213520166},{""typ"":""package"",""id"":213520167},{""typ"":""package"",""id"":213520168},{""typ"":""package"",""id"":213520169},{""typ"":""package"",""id"":213520170},{""typ"":""package"",""id"":213520171},{""typ"":""package"",""id"":213520172},{""typ"":""package"",""id"":213520173},{""typ"":""package"",""id"":213520174},{""typ"":""package"",""id"":213520175},{""typ"":""package"",""id"":213520176},{""typ"":""package"",""id"":213520177},{""typ"":""package"",""id"":213520178},{""typ"":""package"",""id"":213520179},{""typ"":""package"",""id"":213520180},{""typ"":""package"",""id"":213520181},{""typ"":""package"",""id"":213520182},{""typ"":""package"",""id"":213520183},{""typ"":""package"",""id"":213520184},{""typ"":""package"",""id"":213520185},{""typ"":""package"",""id"":213520186},{""typ"":""package"",""id"":213520187},{""typ"":""package"",""id"":213520188},{""typ"":""package"",""id"":213520189},{""typ"":""package"",""id"":213520190},{""typ"":""package"",""id"":213520191},{""typ"":""package"",""id"":213520192},{""typ"":""package"",""id"":213520193},{""typ"":""package"",""id"":213520194},{""typ"":""package"",""id"":213520195},{""typ"":""package"",""id"":213520196},{""typ"":""package"",""id"":213520197},{""typ"":""package"",""id"":213520198},{""typ"":""package"",""id"":213520199},{""typ"":""package"",""id"":213520200},{""typ"":""package"",""id"":213520201},{""typ"":""package"",""id"":213520202},{""typ"":""package"",""id"":213520203},{""typ"":""package"",""id"":213520204},{""typ"":""package"",""id"":213520205},{""typ"":""package"",""id"":213520206},{""typ"":""package"",""id"":213520207},{""typ"":""package"",""id"":213520208},{""typ"":""package"",""id"":213520209},{""typ"":""package"",""id"":213520210},{""typ"":""package"",""id"":213520211},{""typ"":""package"",""id"":213520212},{""typ"":""package"",""id"":213520213},{""typ"":""package"",""id"":213520214},{""typ"":""package"",""id"":213520215},{""typ"":""package"",""id"":213520216},{""typ"":""package"",""id"":213520217},{""typ"":""arm_chain_package"",""id"":21215202}]"	"{""rule"":""LC_EVENT_spring_chain_pack_rules""}"	21191281	1	""""""	assets/x2/operation/EventBanner/Gift_Bg_HolidayGift.png	1	0	0	211201001	0	[]	""""""	0	1511018831	0	""""""	0
	211200082	夏日节2025-行军表情礼包（新服）	event_summer_emoji_2025	0	49995	21127183	"{""op"":""ge"",""typ"":""building"",""id"":111811,""val"":5}"	"{""label"":""LC_EVENT_summer_2025_emoji_pack_title"",""title"":""LC_EVENT_summer_2025_emoji_pack_title""}"	"[{""typ"":""discount"",""id"": 212100065},{""typ"":""emoji_show"",""id"": 212100064}]"	{}	21191260	1	""""""	assets/x2/operation/EventBanner/Gift_Bg_HolidayGift.png	1	0	0	211201001	0	[]	""""""	0	1511018865	0	""""""	0
	211200083	夏日节2025-掉落（新服）	event_summer_drop_2025	0	49996	211200083	"{""op"":""ge"",""typ"":""building"",""id"":111811,""val"":5}"	"{""label"":""LC_EVENT_summer_2025_hunt_rule"",""title"":""LC_EVENT_summer_2025_hunt_rule"",""subtitle"":""LC_EVENT_summer_2025_hunt_rule""}"	"[{""typ"":""task"",""id"":2115110151},{""typ"":""task"",""id"":2115110152},{""typ"":""task"",""id"":2115110153},{""typ"":""task"",""id"":2115110154},{""typ"":""task"",""id"":2115110155},{""typ"":""task"",""id"":2115110156},{""typ"":""task"",""id"":2115110157},{""typ"":""task"",""id"":2115110158}]"	"{""rule"":""LC_EVENT_alliance_jungle_pve_propaganda""}"	21191021	1	assets/x2/operation/EventBanner/summer_bp_hunt_banner.png	""""""	1	0	0	211201001	0	[]	""""""	0	1511018834	0	""""""	0
	211200084	夏日节2025-节日累充（新服）	event_2025_summer_packge_name	0	49998	21127021	"{""op"":""ge"",""typ"":""building"",""id"":111811,""val"":5}"	"{""group_label"":""LC_EVENT_summer_2025_accum_recharge_title"",""label"":""LC_EVENT_summer_2025_accum_recharge_title"",""title"":""LC_EVENT_summer_2025_accum_recharge_title""}"	"[{""typ"":""iap_show""},{""typ"":""mecha_skin_select""},{""typ"":""jump_link"",""id"":212100072},{""typ"":""task"",""id"":2115110159},{""typ"":""task"",""id"":2115110160},{""typ"":""task"",""id"":2115110161},{""typ"":""task"",""id"":2115110162},{""typ"":""task"",""id"":2115110163},{""typ"":""task"",""id"":2115110164},{""typ"":""task"",""id"":2115110165},{""typ"":""task"",""id"":2115110166}]"	"{""rule"":""LC_EVENT_spring_accum_recharge_rule""}"	21191273	1	assets/x2/operation/EventBanner/summer_bp_gacha_task_banner.png	""""""	1	0	15119925	211201001	0	[]	""""""	0	1511018806	0	""""""	0
	211200085	夏日节2025-单笔充值	event_moon_single_recharge_2025_summer	0	50000	21127135	"{""op"":""ge"",""typ"":""building"",""id"":111811,""val"":5}"	"{""group_label"":""LC_EVENT_moon_accum_recharge_title"",""label"":""LC_EVENT_beach_single_recharge_title"",""title"":""LC_EVENT_beach_single_recharge_title""}"	"[{""typ"":""task"",""id"":211551351},{""typ"":""task"",""id"":211551352},{""typ"":""task"",""id"":211551353},{""typ"":""task"",""id"":211551354},{""typ"":""task"",""id"":211551355},{""typ"":""task"",""id"":211551356},{""typ"":""task"",""id"":211551357},{""typ"":""task"",""id"":211551358},{""typ"":""task"",""id"":211551359},{""typ"":""jump_link"",""id"":21215320}]"	"{""rule"":""LC_EVENT_beach_single_recharge_rule""}"	21191249	1	""""""	""""""	1	0	0	211201001	0	[]	""""""	0	15117248	0	""""""	0
	211200093	夏日节2025-gacha（新服）	event_summer_gacha_2025	0	49999	21127182	"{""op"":""ge"",""typ"":""building"",""id"":111811,""val"":5}"	"{""group_label"":""LC_EVENT_summer_2025_gahca_title"",""label"":""LC_EVENT_summer_2025_gahca_title"",""title"":""LC_EVENT_summer_2025_gahca_title""}"	"[{""typ"":""drop"",""id"":21241886},{""typ"":""multi_gacha"",""id"":212100068},{""typ"":""retake"",""id"":21371229},{""typ"":""retake"",""id"":21371230},{""typ"":""show_probability"",""id"":212100069},{""typ"":""package"",""id"":213520160},{""typ"":""package"",""id"":213520161},{""typ"":""package"",""id"":213520162},{""typ"":""package"",""id"":213520163},{""typ"":""package"",""id"":213520164},{""typ"":""package"",""id"":213520165},{""typ"":""cost"",""id"":212100070},{""typ"":""broadcast_bubble"",""id"":212100067},{""typ"":""item_red_point"",""id"":212100071},{""typ"":""task"",""id"":211551234}]"	"{""rule"":""LC_EVENT_summer_2025_gahca_rule""}"	21191269	1	""""""	""""""	1	0	15117149	211201001	0	[]	""""""	0	15117248	0	""""""	0
	211200129	2025夏日节-gacha累计任务	event_summer_2025_reward_gacha	0	49998	211200129	"{""op"":""ge"",""typ"":""building"",""id"":111811,""val"":5}"	"{""group_label"":""LC_EVENT_summer_2025_gahca_title"",""label"":""LC_EVENT_summer_2025_gahca_task_title"",""title"":""LC_EVENT_summer_2025_gahca_task_title""}"	"[{""typ"":""task"",""id"":2115110168},{""typ"":""task"",""id"":2115110169},{""typ"":""task"",""id"":2115110170},{""typ"":""task"",""id"":2115110171},{""typ"":""task"",""id"":2115110172},{""typ"":""task"",""id"":2115110173},{""typ"":""task"",""id"":2115110174},{""typ"":""task"",""id"":2115110175},{""typ"":""task"",""id"":2115110176}]"	"{""rule"":""LC_EVENT_summer_2025_gahca_task_title_rule""}"	21191021	1	assets/x2/operation/EventBanner/summer_bp_gacha_task_banner2.png	""""""	1	0	0	211201001	0	[]	""""""	0	15117248	0	""""""	0
	211200130	前期装饰物投放活动	event_first_charge_chain_pkg_x2	0	49997	211200130	"{""op"":""and"",""args"":[{""op"":""ge"",""typ"":""player_level"",""id"":0,""val"":15}]}"	"{""label"":""LC_EVENT_classic_decoration_set"",""title"":""LC_EVENT_classic_decoration_set"",""calendar"":""LC_EVENT_classic_decoration_set""}"	"[{""typ"":""package"",""id"":213520219},{""typ"":""package"",""id"":213520220},{""typ"":""package"",""id"":213520221},{""typ"":""package"",""id"":213520222},{""typ"":""package"",""id"":213520223},{""typ"":""package"",""id"":213520225},{""typ"":""package"",""id"":213520226},{""typ"":""package"",""id"":213520227},{""typ"":""package"",""id"":213520228},{""typ"":""package"",""id"":213520229},{""typ"":""package"",""id"":213520231},{""typ"":""package"",""id"":213520232},{""typ"":""package"",""id"":213520233},{""typ"":""package"",""id"":213520234},{""typ"":""package"",""id"":213520235}]"	"{""rule"":""LC_EVENT_new_oscar_pkg_rule""}"	21191237	1	""""""	""""""	1	0	0	0	0	[]	""""""	1	0	1	""""""	0
	211200151	英雄新投放形式（幸运翻牌）	event_hero_gacha	2	99999	211200151	"{""op"":""or"",""args"":[{""op"":""ge"",""typ"":""player_level"",""id"":0,""val"":20}]}"	"{""group_label"":""LC_EVENT_lucky_flip_title"",""label"":""LC_EVENT_lucky_flip_title"",""title"":""LC_EVENT_lucky_flip_title""}"	"[{""typ"":""iap_show""},{""typ"":""multi_pack_event_unite"",""id"":212100313},{""typ"":""only_client_use"",""id"":212100218},{""typ"":""tap4news"",""id"":212100117},{""typ"":""hero_display"",""id"":21211242},{""typ"":""hero_floor_without_gacha"",""id"":21540299},{""typ"":""new_progress"",""id"":212100085},{""typ"":""new_progress"",""id"":212100086},{""typ"":""new_progress"",""id"":212100087},{""typ"":""new_progress"",""id"":212100088},{""typ"":""new_progress"",""id"":212100089},{""typ"":""new_progress"",""id"":212100090},{""typ"":""new_progress"",""id"":212100091},{""typ"":""new_progress"",""id"":212100092},{""typ"":""new_progress"",""id"":212100093},{""typ"":""new_progress"",""id"":212100094},{""typ"":""new_progress"",""id"":212100095},{""typ"":""t6_arm_gacha_special"",""id"":212100097},{""typ"":""package"",""id"":213520301},{""typ"":""package"",""id"":213520302},{""typ"":""hero_display"",""id"":212100077}]"	"{""rule"":""LC_EVENT_t6_arm_gacha_rule""}"	21191313	1	""""""	""""""	1	0	0	0	0	[]	""""""	1	0	1	""""""	0
	211201001	前期-掉落转付费-掉落活动	event_labor_2025_2_drop_schema1	0	49993	211201001	"{""op"":""ge"",""typ"":""building"",""id"":111811,""val"":6}"	"{""group_label"":""LC_EVENT_droptopay_tuohuang_title"",""label"":""LC_EVENT_droptopay_tuohuang_droptitle"",""title"":""LC_EVENT_droptopay_tuohuang_droptitle""}"	"[{""typ"":""drop"",""id"":21241917},{""typ"":""drop"",""id"":21241918},{""typ"":""drop"",""id"":21241919},{""typ"":""drop"",""id"":21241920},{""typ"":""drop"",""id"":21241921},{""typ"":""drop"",""id"":21241922},{""typ"":""drop"",""id"":21241923}]"	"{""rule"":""LC_EVENT_droptopay_tuohuang_dropactv_rule""}"	21191332	1	""""""	assets/x2/operation/EventBanner/summer_drop_banner.png	0	0	0	211201001	0	[]	""""""	0	1511030002	0	""""""	0
	211201002	前期-掉落转付费-礼包	event_labor_2025_2_drop_pkg_schema1	0	49994	211201002	"{""op"":""ge"",""typ"":""building"",""id"":111811,""val"":6}"	"{""group_label"":""LC_EVENT_droptopay_tuohuang_title"",""label"":""LC_EVENT_droptopay_tuohuang_libaotitle""}"	"[{""typ"":""discount"",""id"":212100316}]"	{}	21191081	1	""""""	assets/x2/operation/EventBanner/summer_drop_banner.png	0	0	0	211201001	0	[]	""""""	0	1511030002	0	""""""	0
	211201003	前期-掉落转付费-主活动	event_labor_2025_shop_schema1	0	49995	211201003	"{""op"":""ge"",""typ"":""building"",""id"":111811,""val"":6}"	"{""group_label"":""LC_EVENT_droptopay_tuohuang_title"",""label"":""LC_EVENT_droptopay_tuohuang_title"",""title"":""LC_EVENT_droptopay_tuohuang_title""}"	"[{""typ"":""actv_links"",""id"":212100317},{""typ"":""drop_topay_show"",""id"":212100315},{""typ"":""drop_topay"",""id"":212100314},{""typ"":""new_progress"",""id"":212100319},{""typ"":""new_progress"",""id"":212100320},{""typ"":""new_progress"",""id"":212100321},{""typ"":""new_progress"",""id"":212100322},{""typ"":""new_progress"",""id"":212100323},{""typ"":""new_progress"",""id"":212100324},{""typ"":""new_progress"",""id"":212100325},{""typ"":""new_progress"",""id"":212100326},{""typ"":""new_progress"",""id"":212100327},{""typ"":""new_progress"",""id"":212100328},{""typ"":""new_progress"",""id"":212100329},{""typ"":""new_progress"",""id"":212100330},{""typ"":""new_progress"",""id"":212100331},{""typ"":""new_progress"",""id"":212100332},{""typ"":""new_progress"",""id"":212100333},{""typ"":""new_progress"",""id"":212100334},{""typ"":""new_progress"",""id"":212100335},{""typ"":""new_progress"",""id"":212100336},{""typ"":""new_progress"",""id"":212100337},{""typ"":""new_progress"",""id"":212100338},{""typ"":""new_progress"",""id"":212100339},{""typ"":""new_progress"",""id"":212100340},{""typ"":""new_progress"",""id"":212100341},{""typ"":""new_progress"",""id"":212100342},{""typ"":""new_progress"",""id"":212100343},{""typ"":""new_progress"",""id"":212100344},{""typ"":""new_progress"",""id"":212100345},{""typ"":""new_progress"",""id"":212100346},{""typ"":""new_progress"",""id"":212100347},{""typ"":""new_progress"",""id"":212100348},{""typ"":""new_progress"",""id"":212100349},{""typ"":""new_progress"",""id"":212100350},{""typ"":""new_progress"",""id"":212100351},{""typ"":""new_progress"",""id"":212100352},{""typ"":""new_progress"",""id"":212100353},{""typ"":""new_progress"",""id"":212100354},{""typ"":""new_progress"",""id"":212100355},{""typ"":""new_progress"",""id"":212100356},{""typ"":""new_progress"",""id"":212100357},{""typ"":""new_progress"",""id"":212100358},{""typ"":""new_progress"",""id"":212100359},{""typ"":""new_progress"",""id"":212100360},{""typ"":""new_progress"",""id"":212100361},{""typ"":""new_progress"",""id"":212100362},{""typ"":""new_progress"",""id"":212100363},{""typ"":""new_progress"",""id"":212100364},{""typ"":""new_progress"",""id"":212100365},{""typ"":""new_progress"",""id"":212100366},{""typ"":""new_progress"",""id"":212100367},{""typ"":""new_progress"",""id"":212100368},{""typ"":""new_progress"",""id"":212100369},{""typ"":""new_progress"",""id"":212100370},{""typ"":""new_progress"",""id"":212100371},{""typ"":""new_progress"",""id"":212100372},{""typ"":""new_progress"",""id"":212100373},{""typ"":""new_progress"",""id"":212100374},{""typ"":""new_progress"",""id"":212100375},{""typ"":""new_progress"",""id"":212100376},{""typ"":""new_progress"",""id"":212100377},{""typ"":""new_progress"",""id"":212100378},{""typ"":""new_progress"",""id"":212100379},{""typ"":""new_progress"",""id"":212100380},{""typ"":""new_progress"",""id"":212100381},{""typ"":""new_progress"",""id"":212100382},{""typ"":""new_progress"",""id"":212100383},{""typ"":""new_progress"",""id"":212100384},{""typ"":""new_progress"",""id"":212100385},{""typ"":""new_progress"",""id"":212100386},{""typ"":""new_progress"",""id"":212100387},{""typ"":""new_progress"",""id"":212100388},{""typ"":""new_progress"",""id"":212100389},{""typ"":""new_progress"",""id"":212100390},{""typ"":""new_progress"",""id"":212100391},{""typ"":""new_progress"",""id"":212100392},{""typ"":""new_progress"",""id"":212100393},{""typ"":""new_progress"",""id"":212100394},{""typ"":""new_progress"",""id"":212100395},{""typ"":""new_progress"",""id"":212100396},{""typ"":""new_progress"",""id"":212100397},{""typ"":""new_progress"",""id"":212100398},{""typ"":""new_progress"",""id"":212100399},{""typ"":""new_progress"",""id"":212100400},{""typ"":""new_progress"",""id"":212100401},{""typ"":""new_progress"",""id"":212100402},{""typ"":""new_progress"",""id"":212100403},{""typ"":""new_progress"",""id"":212100404},{""typ"":""new_progress"",""id"":212100405},{""typ"":""new_progress"",""id"":212100406},{""typ"":""new_progress"",""id"":212100407},{""typ"":""new_progress"",""id"":212100408},{""typ"":""new_progress"",""id"":212100409},{""typ"":""new_progress"",""id"":212100410},{""typ"":""new_progress"",""id"":212100411},{""typ"":""new_progress"",""id"":212100412},{""typ"":""new_progress"",""id"":212100413},{""typ"":""new_progress"",""id"":212100414},{""typ"":""new_progress"",""id"":212100415},{""typ"":""new_progress"",""id"":212100416},{""typ"":""new_progress"",""id"":212100417},{""typ"":""new_progress"",""id"":212100418},{""typ"":""new_progress"",""id"":212100419},{""typ"":""new_progress"",""id"":212100420},{""typ"":""new_progress"",""id"":212100421},{""typ"":""new_progress"",""id"":212100422},{""typ"":""new_progress"",""id"":212100423},{""typ"":""new_progress"",""id"":212100424},{""typ"":""new_progress"",""id"":212100425},{""typ"":""new_progress"",""id"":212100426},{""typ"":""new_progress"",""id"":212100427},{""typ"":""new_progress"",""id"":212100428},{""typ"":""new_progress"",""id"":212100429},{""typ"":""new_progress"",""id"":212100430},{""typ"":""new_progress"",""id"":212100431},{""typ"":""new_progress"",""id"":212100432},{""typ"":""new_progress"",""id"":212100433},{""typ"":""new_progress"",""id"":212100434},{""typ"":""new_progress"",""id"":212100435},{""typ"":""new_progress"",""id"":212100436},{""typ"":""new_progress"",""id"":212100437},{""typ"":""new_progress"",""id"":212100438},{""typ"":""new_progress"",""id"":212100439},{""typ"":""new_progress"",""id"":212100440},{""typ"":""new_progress"",""id"":212100441},{""typ"":""new_progress"",""id"":212100442},{""typ"":""new_progress"",""id"":212100443},{""typ"":""new_progress"",""id"":212100444},{""typ"":""new_progress"",""id"":212100445},{""typ"":""new_progress"",""id"":212100446},{""typ"":""new_progress"",""id"":212100447},{""typ"":""new_progress"",""id"":212100448},{""typ"":""new_progress"",""id"":212100449},{""typ"":""new_progress"",""id"":212100450},{""typ"":""new_progress"",""id"":212100451},{""typ"":""new_progress"",""id"":212100452},{""typ"":""new_progress"",""id"":212100453},{""typ"":""new_progress"",""id"":212100454},{""typ"":""new_progress"",""id"":212100455},{""typ"":""new_progress"",""id"":212100456},{""typ"":""new_progress"",""id"":212100457},{""typ"":""new_progress"",""id"":212100458},{""typ"":""new_progress"",""id"":212100459},{""typ"":""new_progress"",""id"":212100460},{""typ"":""new_progress"",""id"":212100461},{""typ"":""new_progress"",""id"":212100462},{""typ"":""new_progress"",""id"":212100463},{""typ"":""new_progress"",""id"":212100464},{""typ"":""new_progress"",""id"":212100465},{""typ"":""new_progress"",""id"":212100466},{""typ"":""new_progress"",""id"":212100467},{""typ"":""new_progress"",""id"":212100468},{""typ"":""new_progress"",""id"":212100469},{""typ"":""new_progress"",""id"":212100470},{""typ"":""new_progress"",""id"":212100471},{""typ"":""new_progress"",""id"":212100472},{""typ"":""new_progress"",""id"":212100473},{""typ"":""new_progress"",""id"":212100474},{""typ"":""new_progress"",""id"":212100475},{""typ"":""new_progress"",""id"":212100476},{""typ"":""new_progress"",""id"":212100477},{""typ"":""new_progress"",""id"":212100478},{""typ"":""new_progress"",""id"":212100479},{""typ"":""new_progress"",""id"":212100480},{""typ"":""new_progress"",""id"":212100481},{""typ"":""new_progress"",""id"":212100482},{""typ"":""new_progress"",""id"":212100483},{""typ"":""new_progress"",""id"":212100484},{""typ"":""new_progress"",""id"":212100485},{""typ"":""new_progress"",""id"":212100486},{""typ"":""new_progress"",""id"":212100487},{""typ"":""new_progress"",""id"":212100488},{""typ"":""new_progress"",""id"":212100489},{""typ"":""new_progress"",""id"":212100490},{""typ"":""new_progress"",""id"":212100491},{""typ"":""new_progress"",""id"":212100492},{""typ"":""new_progress"",""id"":212100493},{""typ"":""new_progress"",""id"":212100494},{""typ"":""new_progress"",""id"":212100495},{""typ"":""new_progress"",""id"":212100496},{""typ"":""new_progress"",""id"":212100497},{""typ"":""new_progress"",""id"":212100498},{""typ"":""retake"",""id"":21371255},{""typ"":""retake"",""id"":21371256},{""typ"":""retake"",""id"":21371257},{""typ"":""retake"",""id"":21371258},{""typ"":""exchange"",""id"":21161728},{""typ"":""exchange"",""id"":21161729},{""typ"":""exchange"",""id"":21161730},{""typ"":""exchange"",""id"":21161731},{""typ"":""exchange"",""id"":21161732},{""typ"":""exchange"",""id"":21161733},{""typ"":""exchange"",""id"":21161734},{""typ"":""exchange"",""id"":21161735},{""typ"":""exchange"",""id"":21161736},{""typ"":""exchange"",""id"":21161737}]"	"{""rule"":""LC_EVENT_droptopay_tuohuang_rule""}"	21191331	1	""""""	assets/operation/P2dlcimg/activityImg/EventBanner_BG_428.png	0	0	0	211201001	0	[]	""""""	0	1511030002	0	""""""	0
	211201010	节日通用自选周卡（前期节日）	event_fes_time_card	0	49997	211201010	"{""op"":""ge"",""typ"":""building"",""id"":111811,""val"":5}"	"{""label"":""LC_EVENT_summer_time_card_title"",""title"":""LC_EVENT_fes_time_card_title"",""subtitle"":""LC_EVENT_summer_time_card_subtitle""}"	"[{""typ"":""package"",""id"":213521001},{""typ"":""package"",""id"":213521002}, {""typ"":""package"",""id"":213521003},{""typ"":""package"",""id"":213521004}]"	"{""rule"":""LC_EVENT_fes_time_card_rule""}"	21191334	1	""""""	assets/x2/operation/EventBanner/event_banner_0326.png	1	0	0	211201001	0	[]	""""""	0	1511031034	1	""""""	0
	211201015	救美女——寻找线索-多拼图版2	event_rescue_beauty_search_3	0	99999	211200286	"{""op"":""and"",""args"":[{""op"":""ge"",""typ"":""client_hot_version"",""arg2"":""25.2.0""}]}"	"{""label"":""LC_EVENT_rescue_beauty_find_title"",""title"":""LC_EVENT_rescue_beauty_find_title"",""calendar"":""LC_EVENT_rescue_beauty_find_title""}"	"[{""typ"":""search_nun"",""id"":60023001},{""typ"":""task"",""id"":2115112032},{""typ"":""task"",""id"":2115112033},{""typ"":""task"",""id"":2115112034},{""typ"":""task"",""id"":2115112035},{""typ"":""task"",""id"":2115112036},{""typ"":""task"",""id"":2115112037},{""typ"":""task"",""id"":2115112038},{""typ"":""task"",""id"":2115112039}]"	{}	21191338	0	""""""	assets/x2/operation/EventBanner/BeautyRescue_bg1.png	1	0	0	0	0	[]	""""""	0	1511026171	1	""""""	0
	21121548	端午节2023-免单活动	event_Dragon_Boat_lucky_double_2023	0	49997	21121548	"{""op"":""ge"",""typ"":""building"",""id"":111811,""val"":999}"	"{""group_label"":""LC_EVENT_free_act_2023_title"",""label"":""LC_EVENT_free_act_2023_title"",""title"":""LC_EVENT_free_act_2023_title""}"	"[{""typ"":""lucky_double"",""id"":21211877},{""typ"":""lucky_double_prob"",""id"":21211878}]"	"{""rule"":""LC_EVENT_free_act_2023_rule_total""}"	21191147	1	""""""	assets/operation/P2dlcimg/activityImg/EventBanner_BG_186.png	1	0	0	211201001	0	[]	""""""	0	0	0	""""""	0
	21121642	万圣节-2023-wonder巨猿	event_hallo23_festival_hegemony	0	49990	21121499	"{""op"":""ge"",""typ"":""building"",""id"":111811,""val"":999}"	"{""label"":""LC_EVENT_hallo23_wonder_event_title"",""title"":""LC_EVENT_hallo23_wonder_event_title""}"	"[{""typ"":""rank"",""id"":21221268},{""typ"":""quest_reward_require"",""id"":21212071},{""typ"":""task_group"",""id"":21212068},{""typ"":""task_group"",""id"":21212069},{""typ"":""quest_reward_require"",""id"":21212072},{""typ"":""quest_reward_require"",""id"":21212073},{""typ"":""quest_reward_require"",""id"":21212074},{""typ"":""quest_reward_require"",""id"":21212075},{""typ"":""buff"",""id"":21211821},{""typ"":""buff"",""id"":21211822},{""typ"":""buff"",""id"":21211823},{""typ"":""create_entity"",""id"":21341273},{""typ"":""create_entity"",""id"":21341274},{""typ"":""create_entity"",""id"":21341275},{""typ"":""create_entity"",""id"":21341276},{""typ"":""create_entity"",""id"":21341277},{""typ"":""create_entity"",""id"":21341278},{""typ"":""create_entity"",""id"":21341279},{""typ"":""create_entity"",""id"":21341280},{""typ"":""create_entity"",""id"":21341281},{""typ"":""create_entity"",""id"":21341282},{""typ"":""create_entity"",""id"":21341283},{""typ"":""create_entity"",""id"":21341284},{""typ"":""create_entity"",""id"":21341285},{""typ"":""create_entity"",""id"":21341286},{""typ"":""create_entity"",""id"":21341287},{""typ"":""create_entity"",""id"":21341288},{""typ"":""create_entity"",""id"":21341289},{""typ"":""create_entity"",""id"":21341290},{""typ"":""create_entity"",""id"":21341291},{""typ"":""create_entity"",""id"":21341292},{""typ"":""create_entity"",""id"":21341293},{""typ"":""create_entity"",""id"":21341294},{""typ"":""create_entity"",""id"":21341295},{""typ"":""create_entity"",""id"":21341296},{""typ"":""create_entity"",""id"":21341297},{""typ"":""create_entity"",""id"":21341298},{""typ"":""create_entity"",""id"":21341299},{""typ"":""create_entity"",""id"":21341300},{""typ"":""create_entity"",""id"":21341301},{""typ"":""create_entity"",""id"":21341302},{""typ"":""create_entity"",""id"":21341303},{""typ"":""create_entity"",""id"":21341304},{""typ"":""create_entity"",""id"":21341305},{""typ"":""create_entity"",""id"":21341306},{""typ"":""create_entity"",""id"":21341307},{""typ"":""create_entity"",""id"":21341308},{""typ"":""create_entity"",""id"":21341309},{""typ"":""create_entity"",""id"":21341310},{""typ"":""create_entity"",""id"":21341311},{""typ"":""create_entity"",""id"":21341312},{""typ"":""create_entity"",""id"":21341313},{""typ"":""create_entity"",""id"":21341314},{""typ"":""create_entity"",""id"":21341315},{""typ"":""create_entity"",""id"":21341316},{""typ"":""create_entity"",""id"":21341317},{""typ"":""create_entity"",""id"":21341318},{""typ"":""create_entity"",""id"":21341319},{""typ"":""create_entity"",""id"":21341320},{""typ"":""create_entity"",""id"":21341321},{""typ"":""create_entity"",""id"":21341322},{""typ"":""create_entity"",""id"":21341323},{""typ"":""create_entity"",""id"":21341324},{""typ"":""create_entity"",""id"":21341325},{""typ"":""create_entity"",""id"":21341326},{""typ"":""create_entity"",""id"":21341327},{""typ"":""create_entity"",""id"":21341328},{""typ"":""create_entity"",""id"":21341329},{""typ"":""create_entity"",""id"":21341330},{""typ"":""create_entity"",""id"":21341331},{""typ"":""create_entity"",""id"":21341332},{""typ"":""create_entity"",""id"":21341333},{""typ"":""create_entity"",""id"":21341334},{""typ"":""create_entity"",""id"":21341335},{""typ"":""create_entity"",""id"":21341336},{""typ"":""create_entity"",""id"":21341337},{""typ"":""create_entity"",""id"":21341338},{""typ"":""create_entity"",""id"":21341339},{""typ"":""create_entity"",""id"":21341340},{""typ"":""create_entity"",""id"":21341341},{""typ"":""create_entity"",""id"":21341342},{""typ"":""create_entity"",""id"":21341343},{""typ"":""create_entity"",""id"":21341344},{""typ"":""create_entity"",""id"":21341345},{""typ"":""create_entity"",""id"":21341346},{""typ"":""create_entity"",""id"":21341347},{""typ"":""create_entity"",""id"":21341348},{""typ"":""create_entity"",""id"":21341349},{""typ"":""create_entity"",""id"":21341350},{""typ"":""create_entity"",""id"":21341351},{""typ"":""create_entity"",""id"":21341352},{""typ"":""create_entity"",""id"":21341353},{""typ"":""create_entity"",""id"":21341354},{""typ"":""create_entity"",""id"":21341355},{""typ"":""create_entity"",""id"":21341356},{""typ"":""create_entity"",""id"":21341357},{""typ"":""create_entity"",""id"":21341358},{""typ"":""festival_wonder"",""id"":21212070}]"	"{""rule"":""LC_EVENT_2023_hallo_wonder_rules""}"	21191139	1	""""""	assets/operation/P2dlcimg/activityImg/EventBanner_BG_242.png	1	0	15116148	211201001	0	[]	""""""	0	0	0	""""""	0
	21121643	万圣节-bp-2023	event_hallo_festival_bp_2023	0	49999	21121643	"{""op"":""ge"",""typ"":""building"",""id"":111811,""val"":999}"	"{""group_label"":""LC_EVENT_halloween_actv4_name_2022"",""label"":""LC_EVENT_halloween_actv4_name_2022"",""title"":""LC_EVENT_halloween_actv4_name_2022""}"	"[{""typ"":""battle_pass"",""id"":21300118},{""typ"":""retake"",""id"":21371068},{""typ"":""jump_link"",""id"":21212076},{""typ"":""fes_module"",""id"":21430014},{""typ"":""rank"",""id"":21221269}]"	"{""rule"":""LC_EVENT_2023_hallo_bp_rule""}"	21191190	1	""""""	assets/operation/P2dlcimg/activityImg/EventBanner_BG_116.png	1	0	15117248	211201001	0	[]	""""""	0	0	0	""""""	0
	21121644	万圣节bp礼包_2023	event_hallo_festival_pkg_2023	0	49998	21121644	"{""op"":""ge"",""typ"":""building"",""id"":111811,""val"":999}"	"{""group_label"":""LC_EVENT_halloween_actv4_name_2022"",""label"":""LC_IAP_hallo23_bp_pack_name"",""title"":""LC_IAP_hallo23_bp_pack_name""}"	"[{""typ"":""discount"",""id"":21212077}]"	{}	21191081	1	""""""	assets/operation/P2dlcimg/activityImg/EventBanner_BG_117.png	1	0	0	211201001	0	[]	""""""	0	0	0	""""""	0
	21121645	万圣节2023-七日	event_hallo_festival_7days_2023	0	49997	21121645	"{""op"":""ge"",""typ"":""building"",""id"":111811,""val"":999}"	"{""label"":""LC_EVENT_2023_halloween_7_days_title"",""title"":""LC_EVENT_2023_halloween_7_days_title"",""subtitle"":""LC_EVENT_2023_halloween_7_days_subtitle""}"	"[{""typ"":""task"",""id"":211542285},{""typ"":""task"",""id"":211542286},{""typ"":""task"",""id"":211542287},{""typ"":""task"",""id"":211542288},{""typ"":""task"",""id"":211542289},{""typ"":""task"",""id"":211542290},{""typ"":""task"",""id"":211542291},{""typ"":""task"",""id"":211542292},{""typ"":""task"",""id"":211542293},{""typ"":""task"",""id"":211542294},{""typ"":""task"",""id"":211542295},{""typ"":""task"",""id"":211542296},{""typ"":""task"",""id"":211542297},{""typ"":""task"",""id"":211542298},{""typ"":""task"",""id"":211542299},{""typ"":""task"",""id"":211542300},{""typ"":""task"",""id"":211542301},{""typ"":""task"",""id"":211542302},{""typ"":""task"",""id"":211542303},{""typ"":""task"",""id"":211542304},{""typ"":""task"",""id"":211542305},{""typ"":""task"",""id"":211542306},{""typ"":""task"",""id"":211542307},{""typ"":""task"",""id"":211542308},{""typ"":""task"",""id"":211542309},{""typ"":""task"",""id"":211542310},{""typ"":""task"",""id"":211542311},{""typ"":""task"",""id"":211542312},{""typ"":""task"",""id"":211542313},{""typ"":""task"",""id"":211542314},{""typ"":""task"",""id"":211542315},{""typ"":""task"",""id"":211542316},{""typ"":""task"",""id"":211542317},{""typ"":""task"",""id"":211542318},{""typ"":""task"",""id"":211542319},{""typ"":""task"",""id"":211542320},{""typ"":""task"",""id"":211542321},{""typ"":""task"",""id"":211542322},{""typ"":""task"",""id"":211542323},{""typ"":""task"",""id"":211542324},{""typ"":""task"",""id"":211542325},{""typ"":""task"",""id"":211542326},{""typ"":""task"",""id"":211542327},{""typ"":""task"",""id"":211542328},{""typ"":""task"",""id"":211542329},{""typ"":""task"",""id"":211542330},{""typ"":""task"",""id"":211542331},{""typ"":""task"",""id"":211542332},{""typ"":""task"",""id"":211542333},{""typ"":""task"",""id"":211542334},{""typ"":""task"",""id"":211542335},{""typ"":""task"",""id"":211542336},{""typ"":""task"",""id"":211542337},{""typ"":""task"",""id"":211542338},{""typ"":""task"",""id"":211542339},{""typ"":""task"",""id"":211542340},{""typ"":""task"",""id"":211542341},{""typ"":""task"",""id"":211542342},{""typ"":""task"",""id"":211542343},{""typ"":""task"",""id"":211542344},{""typ"":""7days_happy"",""id"": 21211981},{""typ"":""7days_happy"",""id"": 21211982},{""typ"":""7days_happy"",""id"": 21211983},{""typ"":""7days_happy"",""id"": 21211984},{""typ"":""hero_display"",""id"":21211053},{""typ"":""vip"",""id"":21211054},{""typ"":""7days_box"",""id"":21211980},{""typ"":""package"",""id"":21350109},{""typ"":""7days_box_bubble"",""id"":21211985},{""typ"":""retake"",""id"":21371065}]"	"{""rule"":""LC_EVENT_seven_days_box_rule""}"	21191061	1	""""""	assets/operation/P2dlcimg/activityImg/EventBanner_BG_249.png	1	0	0	211201001	0	"[{""asset"":{""typ"":""item"",""id"":11117033},""setting"":{""serial_number"":5,""ishighlight"":false}},{""asset"":{""typ"":""item"",""id"":11111103},""setting"":{""serial_number"":4,""ishighlight"":false}},{""asset"":{""typ"":""item"",""id"":11111001},""setting"":{""serial_number"":3,""ishighlight"":false}},{""asset"":{""typ"":""item"",""id"":11111005},""setting"":{""serial_number"":2,""ishighlight"":false}}]"	""""""	0	0	0	""""""	0
	21121646	万圣节2023-强消耗活动	event_hallo_festival_strong_consume_2023	0	49992	21121646	"{""op"":""ge"",""typ"":""building"",""id"":111811,""val"":999}"	"{""group_label"":""LC_EVENT_2023_halloween_consume_title"",""label"":""LC_EVENT_2023_halloween_consume_title"",""title"":""LC_EVENT_2023_halloween_consume_title""}"	"[{""typ"":""actv_show_rank"",""id"":21211979},{""typ"":""rank"",""id"":21221277},{""typ"":""task"",""id"":211542271},{""typ"":""task"",""id"":211542272},{""typ"":""task"",""id"":211542273},{""typ"":""task"",""id"":211542274},{""typ"":""task"",""id"":211542275},{""typ"":""task"",""id"":211542276},{""typ"":""task"",""id"":211542277},{""typ"":""task"",""id"":211542278},{""typ"":""task"",""id"":211542279},{""typ"":""task"",""id"":211542280},{""typ"":""task"",""id"":211542281},{""typ"":""task"",""id"":211542282},{""typ"":""task"",""id"":211542283},{""typ"":""task"",""id"":211542284}]"	"{""rule"":""LC_EVENT_beach_strong_consume_rule""}"	21191163	1	""""""	assets/operation/P2dlcimg/activityImg/EventBanner_BG_245.png	1	0	15117248	211201001	0	[]	""""""	0	0	0	""""""	0
	21121647	万圣节-惊奇主城外观	event_halloween_wonder_city_2023	0	49993	21121647	"{""op"":""ge"",""typ"":""building"",""id"":111811,""val"":999}"	"{""label"":""LC_EVENT_wonder_city_2023_title"",""title"":""LC_EVENT_wonder_city_2023_title"",""subtitle"":""LC_EVENT_wonder_city_2023_title_desc""}"	"[{""typ"":""suprise_city"",""id"":21212096},{""typ"":""task"",""id"":211542365},{""typ"":""task"",""id"":211542366},{""typ"":""task"",""id"":211542367},{""typ"":""task"",""id"":211542368}]"	"{""rule"":""LC_EVENT_wonder_city_2023_event_rule""}"	21191187	1	""""""	assets/operation/P2dlcimg/activityImg/EventBanner_BG_240.png	1	0	0	211201001	0	[]	""""""	0	0	0	""""""	0
	21121648	万圣节2023-掉落	event_halloween_drop_2023	0	49989	21121648	"{""op"":""ge"",""typ"":""building"",""id"":111811,""val"":999}"	"{""label"":""LC_EVENT_halloween_actv3_name_2022"",""title"":""LC_EVENT_halloween_actv3_name_2022"",""subtitle"":""LC_EVENT_halloween_actv3_desc_2022""}"	"[{""typ"":""drop"",""id"":21241380},{""typ"":""drop"",""id"":21241381},{""typ"":""drop"",""id"":21241382},{""typ"":""drop"",""id"":21241383},{""typ"":""drop"",""id"":21241384},{""typ"":""drop"",""id"":21241385},{""typ"":""drop"",""id"":21241386},{""typ"":""drop"",""id"":21241387},{""typ"":""drop"",""id"":21241388},{""typ"":""drop"",""id"":21241389},{""typ"":""drop"",""id"":21241390},{""typ"":""drop"",""id"":21241391},{""typ"":""drop"",""id"":21241392},{""typ"":""drop"",""id"":21241393},{""typ"":""drop"",""id"":21241394}]"	"{""rule"":""LC_EVENT_halloween_actv7_rule_2022""}"	21191038	1	""""""	assets/operation/P2dlcimg/activityImg/EventBanner_BG_118.png	1	0	0	211201001	0	[]	""""""	0	0	0	""""""	0
	21121649	万圣节-2023-讲价小游戏	halloween_chat_event	0	49994	21121649	"{""op"":""ge"",""typ"":""building"",""id"":111811,""val"":999}"	"{""label"":""LC_EVENT_halloween_gpt_chat_title"",""title"":""LC_EVENT_halloween_gpt_chat_title""}"	"[{""typ"":""bargain_chat"",""id"":21212097},{""typ"":""halloween_bargain_item"",""id"":21212098},{""typ"":""halloween_bargain_item"",""id"":21212099},{""typ"":""halloween_bargain_item"",""id"":21212100},{""typ"":""halloween_bargain_item"",""id"":21212101},{""typ"":""halloween_bargain_item"",""id"":21212102},{""typ"":""halloween_bargain_item"",""id"":21212103}]"	"{""rule"":""LC_EVENT_halloween_gpt_chat_rule""}"	21191188	1	""""""	assets/operation/P2dlcimg/activityImg/EventBanner_BG_241.png	1	0	0	211201001	1	[]	""""""	0	0	0	""""""	1
	21121650	万圣节日-2023-庆典抽奖	event_hallo_lucky_star	0	49996	21121650	"{""op"":""ge"",""typ"":""building"",""id"":111811,""val"":999}"	"{""label"":""LC_EVENT_anni_star_event_title"",""title"":""LC_EVENT_anni_star_event_title""}"	"[{""typ"":""anni_lucky_reward"",""id"":21212085},{""typ"":""anni_lucky_reward"",""id"":21212086},{""typ"":""anni_lucky_reward"",""id"":21212087},{""typ"":""anni_lucky_reward"",""id"":21212088},{""typ"":""anni_lucky_reward"",""id"":21212089},{""typ"":""new_progress"",""id"":21212090},{""typ"":""new_progress"",""id"":21212091},{""typ"":""new_progress"",""id"":21212092},{""typ"":""new_progress"",""id"":21212093},{""typ"":""new_progress"",""id"":21212094},{""typ"":""anni_lucky_star"",""id"":21212095}]"	"{""rule"":""LC_EVENT_anni_star_event_rule""}"	21191171	1	""""""	assets/operation/P2dlcimg/activityImg/EventBanner_BG_215.png	1	0	0	211201001	0	[]	""""""	0	0	0	""""""	0
	21122031	万圣节2023-gacha	event_halloween_gacha_2023	0	50001	21122031	"{""op"":""ge"",""typ"":""building"",""id"":111811,""val"":999}"	"{""group_label"":""LC_EVENT_2023halloween_gacha_title"",""label"":""LC_EVENT_2023halloween_gacha_title"",""title"":""LC_EVENT_2023halloween_gacha_title""}"	"[{""typ"":""drop"",""id"":21241379},{""typ"":""jump_link"",""id"":21212083},{""typ"":""multi_gacha"",""id"":21212079},{""typ"":""retake"",""id"":21371066},{""typ"":""retake"",""id"":21371067},{""typ"":""show_probability"",""id"":21212080},{""typ"":""package"",""id"":21350110},{""typ"":""cost"",""id"":21212081},{""typ"":""broadcast_bubble"",""id"":21212078},{""typ"":""item_red_point"",""id"":21212082},{""typ"":""rank"",""id"":21221270},{""typ"":""actv_show_rank"",""id"":21212084}]"	"{""rule"":""LC_EVENT_2023halloween_gacha_rule1""}"	21191186	1	""""""	assets/operation/P2dlcimg/activityImg/EventBanner_BG_244.png	1	15117248	0	211201001	0	[]	""""""	0	0	0	""""""	0
	21122032	万圣节2023-装饰升级	event_halloween_decoration	0	49998	21122032	"{""op"":""ge"",""typ"":""building"",""id"":111811,""val"":999}"	"{""label"":""LC_EVENT_thanksgiving_decoration_actv_name"",""title"":""LC_EVENT_thanksgiving_decoration_actv_name""}"	"[{""typ"":""task"",""id"":211542369},{""typ"":""task"",""id"":211542370},{""typ"":""task"",""id"":211542371},{""typ"":""statue_preview"",""id"":21212107}]"	"{""rule"":""LC_EVENT_thanksgiving_decoration_actv_rule""}"	21191107	1	""""""	assets/operation/P2dlcimg/activityImg/EventBanner_BG_243.png	1	0	0	211201001	0	[]	""""""	0	0	0	""""""	0
	21122033	合成小游戏活动-万圣节版本-schema3	metro_minigame_halloween_festival_1_schema3	0	49995	21121618	"{""op"":""ge"",""typ"":""building"",""id"":111811,""val"":999}"	"{""label"":""LC_EVENT_hallo23_metro_name"",""title"":""LC_EVENT_hallo23_metro_name""}"	"[{""typ"":""rank"",""id"":21221281},{""typ"":""metro_minigame_actv_grade"",""id"":21212108},{""typ"":""metro_minigame_actv"",""id"":35103308},{""typ"":""retake"",""id"":21371044},{""typ"":""retake"",""id"":21371045}]"	"{""rule"":""LC_METRO_actv_rule_1""}"	21191184	1	""""""	assets/operation/P2dlcimg/activityImg/EventBanner_BG_251.png	1	0	0	211201001	0	[]	""""""	0	0	0	""""""	0
	21122034	合成小游戏活动-万圣节版本-schema4	metro_minigame_halloween_festival_2_schema3	0	49995	21121618	"{""op"":""ge"",""typ"":""building"",""id"":111811,""val"":999}"	"{""label"":""LC_EVENT_hallo23_metro_name"",""title"":""LC_EVENT_hallo23_metro_name""}"	"[{""typ"":""rank"",""id"":21221281},{""typ"":""metro_minigame_actv_grade"",""id"":21212108},{""typ"":""metro_minigame_actv"",""id"":35103408},{""typ"":""retake"",""id"":21371044},{""typ"":""retake"",""id"":21371045}]"	"{""rule"":""LC_METRO_actv_rule_1""}"	21191184	1	""""""	assets/operation/P2dlcimg/activityImg/EventBanner_BG_251.png	1	0	0	211201001	0	[]	""""""	0	0	0	""""""	0
	21122035	合成小游戏活动-万圣节版本-schema5	metro_minigame_halloween_festival_3_schema3	0	49995	21121618	"{""op"":""ge"",""typ"":""building"",""id"":111811,""val"":999}"	"{""label"":""LC_EVENT_hallo23_metro_name"",""title"":""LC_EVENT_hallo23_metro_name""}"	"[{""typ"":""rank"",""id"":21221281},{""typ"":""metro_minigame_actv_grade"",""id"":21212108},{""typ"":""metro_minigame_actv"",""id"":35103508},{""typ"":""retake"",""id"":21371044},{""typ"":""retake"",""id"":21371045}]"	"{""rule"":""LC_METRO_actv_rule_1""}"	21191184	1	""""""	assets/operation/P2dlcimg/activityImg/EventBanner_BG_251.png	1	0	0	211201001	0	[]	""""""	0	0	0	""""""	0
	21122036	万圣节2023-gacha累计任务	event_halloween_gacha_reward_2023	0	50000	21121603	"{""op"":""ge"",""typ"":""building"",""id"":111811,""val"":999}"	"{""group_label"":""LC_EVENT_2023halloween_gacha_title"",""label"":""LC_EVENT_children_actv3_name_2022"",""title"":""LC_EVENT_children_actv3_name_2022""}"	"[{""typ"":""task"",""id"":211542372},{""typ"":""task"",""id"":211542373},{""typ"":""task"",""id"":211542374},{""typ"":""task"",""id"":211542375},{""typ"":""task"",""id"":211542376},{""typ"":""task"",""id"":211542377},{""typ"":""task"",""id"":211542378},{""typ"":""task"",""id"":211542379},{""typ"":""task"",""id"":211542380}]"	"{""rule"":""LC_EVENT_halloween_gacha_reward_2023_rule""}"	21191002	1	""""""	assets/operation/P2dlcimg/activityImg/EventBanner_BG_120.png	1	0	0	211201001	0	[]	""""""	0	0	0	""""""	0
	21127198	万圣节-惊奇主城外观-2024	event_halloween_wonder_city_2024	0	49993	21121647	"{""op"":""ge"",""typ"":""building"",""id"":111811,""val"":999}"	"{""label"":""LC_EVENT_wonder_city_2023_title"",""title"":""LC_EVENT_wonder_city_2023_title"",""subtitle"":""LC_EVENT_wonder_city_2023_title_desc""}"	"[{""typ"":""suprise_city"",""id"":21212096},{""typ"":""task"",""id"":211542365},{""typ"":""task"",""id"":211542366},{""typ"":""task"",""id"":211542367},{""typ"":""task"",""id"":211542368}]"	"{""rule"":""LC_EVENT_wonder_city_2023_event_rule""}"	21191187	1	""""""	assets/operation/P2dlcimg/activityImg/EventBanner_BG_240.png	1	0	0	211201001	0	[]	""""""	0	15117248	0	""""""	0
	21127199	合成小游戏活动-24万圣节版本-schema3	metro_minigame_halloween24_festival_1_schema3	0	49995	21121618	"{""op"":""ge"",""typ"":""building"",""id"":111811,""val"":999}"	"{""label"":""LC_EVENT_hallo23_metro_name"",""title"":""LC_EVENT_hallo23_metro_name""}"	"[{""typ"":""rank"",""id"":21222169},{""typ"":""metro_minigame_actv_grade"",""id"":21215327},{""typ"":""metro_minigame_actv"",""id"":35103319},{""typ"":""retake"",""id"":21371044},{""typ"":""retake"",""id"":21371045}]"	"{""rule"":""LC_METRO_actv_rule_1""}"	21191184	1	""""""	assets/operation/P2dlcimg/activityImg/EventBanner_BG_230.png	1	0	0	211201001	0	[]	""""""	0	15117248	0	""""""	0
	21127200	合成小游戏活动-24万圣节版本-schema4	metro_minigame_halloween24_festival_1_schema4	0	49995	21121618	"{""op"":""ge"",""typ"":""building"",""id"":111811,""val"":999}"	"{""label"":""LC_EVENT_hallo23_metro_name"",""title"":""LC_EVENT_hallo23_metro_name""}"	"[{""typ"":""rank"",""id"":21222169},{""typ"":""metro_minigame_actv_grade"",""id"":21215327},{""typ"":""metro_minigame_actv"",""id"":35103419},{""typ"":""retake"",""id"":21371044},{""typ"":""retake"",""id"":21371045}]"	"{""rule"":""LC_METRO_actv_rule_1""}"	21191184	1	""""""	assets/operation/P2dlcimg/activityImg/EventBanner_BG_230.png	1	0	0	211201001	0	[]	""""""	0	15117248	0	""""""	0
	21127201	合成小游戏活动-24万圣节版本-schema5	metro_minigame_halloween24_festival_1_schema5	0	49995	21121618	"{""op"":""ge"",""typ"":""building"",""id"":111811,""val"":999}"	"{""label"":""LC_EVENT_hallo23_metro_name"",""title"":""LC_EVENT_hallo23_metro_name""}"	"[{""typ"":""rank"",""id"":21222169},{""typ"":""metro_minigame_actv_grade"",""id"":21215327},{""typ"":""metro_minigame_actv"",""id"":35103519},{""typ"":""retake"",""id"":21371044},{""typ"":""retake"",""id"":21371045}]"	"{""rule"":""LC_METRO_actv_rule_1""}"	21191184	1	""""""	assets/operation/P2dlcimg/activityImg/EventBanner_BG_230.png	1	0	0	211201001	0	[]	""""""	0	15117248	0	""""""	0
	21127202	万圣节2024-机甲gacha-万圣自选	event_hallo_mecha_gacha_2024	0	99997	21127105	"{""op"":""ge"",""typ"":""building"",""id"":111811,""val"":999}"	"{""label"":""LC_EVENT_mecha_gacha_actv_name"",""title"":""LC_EVENT_mecha_gacha_actv_name""}"	"[{""typ"":""without_actv_gacha"",""id"":21410099},{""typ"":""without_actv_gacha"",""id"":21410100},{""typ"":""without_actv_gacha"",""id"":21410101},{""typ"":""without_actv_gacha"",""id"":21410102},{""typ"":""without_actv_gacha"",""id"":21410103},{""typ"":""without_actv_gacha"",""id"":21410104},{""typ"":""without_actv_gacha"",""id"":21410105},{""typ"":""without_actv_gacha"",""id"":21410106},{""typ"":""without_actv_gacha"",""id"":21410107},{""typ"":""without_actv_gacha"",""id"":21410108},{""typ"":""without_actv_gacha"",""id"":21410109},{""typ"":""without_actv_gacha"",""id"":21410110},{""typ"":""retake"",""id"":21371116},{""typ"":""package"",""id"":21352517},{""typ"":""package"",""id"":21352518},{""typ"":""package"",""id"":21352519},{""typ"":""gacha_discount"",""id"":21215175},{""typ"":""broadcast_bubble"",""id"":21215346},{""typ"":""mecha_nocolor_skin_select"",""id"":21215328}]"	"{""rule"":""LC_EVENT_mecha_gacha_rule""}"	21191285	1	""""""	assets/operation/P2dlcimg/activityImg/EventBanner_BG_312.png	1	0	151100336	211201001	0	[]	""""""	0	15117248	0	""""""	0
	21127203	万圣节-2024-讲价小游戏	halloween_chat_event_2024	0	49994	21121649	"{""op"":""ge"",""typ"":""building"",""id"":111811,""val"":999}"	"{""label"":""LC_EVENT_halloween_gpt_chat_title"",""title"":""LC_EVENT_halloween_gpt_chat_title""}"	"[{""typ"":""bargain_chat"",""id"":21212097},{""typ"":""halloween_bargain_item"",""id"":21212098},{""typ"":""halloween_bargain_item"",""id"":21212099},{""typ"":""halloween_bargain_item"",""id"":21212100},{""typ"":""halloween_bargain_item"",""id"":21212101},{""typ"":""halloween_bargain_item"",""id"":21212102},{""typ"":""halloween_bargain_item"",""id"":21212103}]"	"{""rule"":""LC_EVENT_halloween_gpt_chat_rule""}"	21191188	1	""""""	assets/operation/P2dlcimg/activityImg/EventBanner_BG_241.png	1	0	0	211201001	1	[]	""""""	0	15117248	0	""""""	1
	21127204	万圣节-2024-强消耗-schema3-5	halloween_2024_strong_consume	0	49990	21127141	"{""op"":""ge"",""typ"":""building"",""id"":111811,""val"":999}"	"{""label"":""LC_EVENT_new_strong_consume_title_hallo_2024"",""title"":""LC_EVENT_new_strong_consume_title_hallo_2024""}"	"[{""typ"":""drop"",""id"":21241752},{""typ"":""drop"",""id"":21241753},{""typ"":""drop"",""id"":21241754},{""typ"":""drop"",""id"":21241755},{""typ"":""retake"",""id"":21371153},{""typ"":""retake"",""id"":21371154},{""typ"":""package"",""id"":21352618},{""typ"":""actv_show_rank"",""id"":21215079},{""typ"":""rank"",""id"":21222097},{""typ"":""task"",""id"":211560325},{""typ"":""task"",""id"":211560326},{""typ"":""task"",""id"":211560327},{""typ"":""task"",""id"":211560328},{""typ"":""task"",""id"":211560329},{""typ"":""task"",""id"":211560330},{""typ"":""task"",""id"":211560331},{""typ"":""task"",""id"":211560332},{""typ"":""task"",""id"":211560333},{""typ"":""task"",""id"":211560334},{""typ"":""task"",""id"":211560335},{""typ"":""task"",""id"":211560336},{""typ"":""task"",""id"":211560337},{""typ"":""task"",""id"":211560338},{""typ"":""task"",""id"":211560339}]"	"{""rule"":""LC_EVENT_new_strong_consume_rule_hallo_2024""}"	21191251	1	""""""	assets/operation/P2dlcimg/activityImg/EventBanner_BG_116.png	1	0	15117248	211201001	0	[]	""""""	0	15117248	0	""""""	0
	21127205	万圣节-2024-强消耗-schema6	halloween_2024_strong_consume_schema6	0	49989	21127141	"{""op"":""ge"",""typ"":""building"",""id"":111811,""val"":999}"	"{""label"":""LC_EVENT_new_strong_consume_title_hallo_2024"",""title"":""LC_EVENT_new_strong_consume_title_hallo_2024""}"	"[{""typ"":""drop"",""id"":21241752},{""typ"":""drop"",""id"":21241753},{""typ"":""drop"",""id"":21241754},{""typ"":""drop"",""id"":21241755},{""typ"":""retake"",""id"":21371153},{""typ"":""retake"",""id"":21371154},{""typ"":""package"",""id"":21352618},{""typ"":""actv_show_rank"",""id"":21215080},{""typ"":""rank"",""id"":21222104},{""typ"":""task"",""id"":211560340},{""typ"":""task"",""id"":211560341},{""typ"":""task"",""id"":211560342},{""typ"":""task"",""id"":211560343},{""typ"":""task"",""id"":211560344},{""typ"":""task"",""id"":211560345},{""typ"":""task"",""id"":211560346},{""typ"":""task"",""id"":211560347},{""typ"":""task"",""id"":211560348},{""typ"":""task"",""id"":211560349},{""typ"":""task"",""id"":211560350},{""typ"":""task"",""id"":211560351},{""typ"":""task"",""id"":211560352},{""typ"":""task"",""id"":211560353},{""typ"":""task"",""id"":211560354}]"	"{""rule"":""LC_EVENT_new_strong_consume_rule_hallo_2024""}"	21191251	1	""""""	assets/operation/P2dlcimg/activityImg/EventBanner_BG_116.png	1	0	15117248	211201001	0	[]	""""""	0	15117248	0	""""""	0
	21127206	万圣节-bp-2024	event_hallo_festival_bp_2024	0	49999	21127206	"{""op"":""ge"",""typ"":""building"",""id"":111811,""val"":5}"	"{""group_label"":""LC_EVENT_halloween_actv4_name_2022"",""label"":""LC_EVENT_halloween_actv4_name_2022"",""title"":""LC_EVENT_halloween_actv4_name_2022""}"	"[{""typ"":""battle_pass"",""id"":21300130},{""typ"":""retake"",""id"":21371159},{""typ"":""jump_link"",""id"":21215330},{""typ"":""fes_module"",""id"":21430026},{""typ"":""rank"",""id"":21222170},{""typ"":""bp_rank_item"",""id"":11112325}]"	"{""rule"":""LC_EVENT_2023_hallo_bp_rule""}"	21191190	1	""""""	assets/operation/P2dlcimg/activityImg/EventBanner_BG_116.png	1	0	15117248	211201001	0	[]	""""""	0	15117248	0	""""""	0
	21127207	万圣节bp礼包_2024	event_hallo_festival_pkg_2024	0	49998	21127207	"{""op"":""ge"",""typ"":""building"",""id"":111811,""val"":5}"	"{""group_label"":""LC_EVENT_halloween_actv4_name_2022"",""label"":""LC_IAP_hallo23_bp_pack_name"",""title"":""LC_IAP_hallo23_bp_pack_name""}"	"[{""typ"":""discount"",""id"":21215329}]"	{}	21191081	1	""""""	assets/operation/P2dlcimg/activityImg/EventBanner_BG_117.png	1	0	0	211201001	0	[]	""""""	0	15117248	0	""""""	0
	21127208	万圣节2024-主城特效累充	event_hallo_2024_city_effect	0	49997	21127194	"{""op"":""ge"",""typ"":""building"",""id"":111811,""val"":999}"	"{""group_label"":""LC_EVENT_2023halloween_packge_name"",""label"":""LC_EVENT_moon_cityeffect_actv_name"",""title"":""LC_EVENT_moon_cityeffect_actv_name""}"	"[{""typ"":""iap_show""},{""typ"":""city_skin"",""id"":13121048},{""typ"":""task"",""id"":211551450},{""typ"":""jump_link"",""id"":21215343}]"	"{""rule"":""LC_EVENT_moon_cityeffect_actv_rule""}"	21191275	1	""""""	assets/operation/P2dlcimg/activityImg/EventBanner_BG_350.png	1	0	0	211201001	0	[]	""""""	0	15117248	0	""""""	0
	21127209	节日累充-2024万圣节	event_2023halloween_packge_name	0	49998	21127021	"{""op"":""ge"",""typ"":""building"",""id"":111811,""val"":999}"	"{""group_label"":""LC_EVENT_2023halloween_packge_name"",""label"":""LC_EVENT_2023halloween_packge_name"",""title"":""LC_EVENT_2023halloween_packge_name""}"	"[{""typ"":""iap_show""},{""typ"":""mecha_skin_select""},{""typ"":""jump_link"",""id"":21215343},{""typ"":""task"",""id"":211551442},{""typ"":""task"",""id"":211551443},{""typ"":""task"",""id"":211551444},{""typ"":""task"",""id"":211551445},{""typ"":""task"",""id"":211551446},{""typ"":""task"",""id"":211551447},{""typ"":""task"",""id"":211551448},{""typ"":""task"",""id"":211551449}]"	"{""rule"":""LC_EVENT_spring_accum_recharge_rule""}"	21191273	1	""""""	assets/operation/P2dlcimg/activityImg/EventBanner_BG_353.png	1	0	15119925	211201001	0	[]	""""""	0	15117248	0	""""""	0
	21127210	万圣节-2024-gacha	event_hallo_2024_gacha	0	50002	21127134	"{""op"":""ge"",""typ"":""building"",""id"":111811,""val"":999}"	"{""group_label"":""LC_EVENT_2023halloween_gacha_title"",""label"":""LC_EVENT_2023halloween_gacha_title"",""title"":""LC_EVENT_2023halloween_gacha_title""}"	"[{""typ"":""floor_without_gacha"",""id"":21540197},{""typ"":""floor_without_gacha"",""id"":21540198},{""typ"":""floor_without_gacha"",""id"":21540199},{""typ"":""floor_without_gacha"",""id"":21540200},{""typ"":""floor_without_gacha"",""id"":21540201},{""typ"":""floor_without_gacha"",""id"":21540202},{""typ"":""floor_without_gacha"",""id"":21540203},{""typ"":""floor_without_gacha"",""id"":21540204},{""typ"":""floor_without_gacha"",""id"":21540205},{""typ"":""floor_without_gacha"",""id"":21540206},{""typ"":""floor_without_gacha"",""id"":21540207},{""typ"":""floor_without_gacha"",""id"":21540208},{""typ"":""floor_without_gacha"",""id"":21540209},{""typ"":""floor_without_gacha"",""id"":21540210},{""typ"":""floor_without_gacha"",""id"":21540211},{""typ"":""floor_without_gacha"",""id"":21540212},{""typ"":""floor_without_gacha"",""id"":21540213},{""typ"":""floor_without_gacha"",""id"":21540214},{""typ"":""floor_without_gacha"",""id"":21540215},{""typ"":""floor_without_gacha"",""id"":21540216},{""typ"":""floor_without_gacha"",""id"":21540217},{""typ"":""floor_without_gacha"",""id"":21540218},{""typ"":""floor_without_gacha"",""id"":21540219},{""typ"":""floor_without_gacha"",""id"":21540220},{""typ"":""floor_without_gacha"",""id"":21540221},{""typ"":""floor_without_gacha"",""id"":21540222},{""typ"":""floor_without_gacha"",""id"":21540223},{""typ"":""floor_without_gacha"",""id"":21540224},{""typ"":""floor_without_gacha"",""id"":21540225},{""typ"":""floor_without_gacha"",""id"":21540226},{""typ"":""floor_without_gacha"",""id"":21540227},{""typ"":""floor_without_gacha"",""id"":21540228},{""typ"":""floor_without_gacha"",""id"":21540229},{""typ"":""floor_without_gacha"",""id"":21540230},{""typ"":""floor_without_gacha"",""id"":21540231},{""typ"":""floor_without_gacha"",""id"":21540232},{""typ"":""floor_without_gacha"",""id"":21540233},{""typ"":""floor_without_gacha"",""id"":21540234},{""typ"":""floor_without_gacha"",""id"":21540235},{""typ"":""floor_without_gacha"",""id"":21540236},{""typ"":""floor_without_gacha"",""id"":21540237},{""typ"":""floor_without_gacha"",""id"":21540238},{""typ"":""floor_without_gacha"",""id"":21540239},{""typ"":""floor_without_gacha"",""id"":21540240},{""typ"":""floor_without_gacha"",""id"":21540241},{""typ"":""floor_without_gacha"",""id"":21540242},{""typ"":""floor_without_gacha"",""id"":21540243},{""typ"":""floor_without_gacha"",""id"":21540244},{""typ"":""floor_without_gacha"",""id"":21540245},{""typ"":""floor_without_gacha"",""id"":21540246},{""typ"":""floor_without_gacha"",""id"":21540247},{""typ"":""retake"",""id"":21371155},{""typ"":""package"",""id"":21352520},{""typ"":""package"",""id"":21352521},{""typ"":""package"",""id"":21352522},{""typ"":""package"",""id"":21352523},{""typ"":""rank"",""id"":21222172},{""typ"":""rank"",""id"":21222173},{""typ"":""actv_show_rank"",""id"":21215344},{""typ"":""actv_show_rank"",""id"":21215345},{""typ"":""beach_gacha_select""},{""typ"":""task"",""id"":211551234}]"	"{""rule"":""LC_EVENT_hallo_gacha_2024_rule""}"	21191283	1	""""""	assets/operation/P2dlcimg/activityImg/EventBanner_BG_361.png	1	0	15117248	211201001	0	[]	""""""	0	15117248	0	""""""	0
	21127211	万圣节-单笔充值-2024	event_halloween_single_recharge_2024	0	50000	21127135	"{""op"":""ge"",""typ"":""building"",""id"":111811,""val"":999}"	"{""group_label"":""LC_EVENT_2023halloween_packge_name"",""label"":""LC_EVENT_beach_single_recharge_title"",""title"":""LC_EVENT_beach_single_recharge_title""}"	"[{""typ"":""task"",""id"":211551372},{""typ"":""task"",""id"":211551373},{""typ"":""task"",""id"":211551374},{""typ"":""task"",""id"":211551375},{""typ"":""task"",""id"":211551377},{""typ"":""task"",""id"":211551378},{""typ"":""task"",""id"":211551379},{""typ"":""task"",""id"":211551380},{""typ"":""task"",""id"":211551381},{""typ"":""jump_link"",""id"":21215335}]"	"{""rule"":""LC_EVENT_beach_single_recharge_rule""}"	21191249	1	""""""	assets/operation/P2dlcimg/activityImg/EventBanner_BG_356.png	1	0	0	211201001	0	[]	""""""	0	15117248	0	""""""	0
	21127212	万圣节连锁礼包-2024-schema3-5	event_hallo_chain_pack_2024_scheam3_5	0	49994	21127152	"{""op"":""ge"",""typ"":""building"",""id"":111811,""val"":999}"	"{""label"":""LC_EVENT_2024_hallo_chain_pack_title"",""title"":""LC_EVENT_2024_hallo_chain_pack_title"",""subtitle"":""LC_EVENT_2024_hallo_chain_pack_title_desc""}"	"[{""typ"":""package"",""id"":21352525},{""typ"":""package"",""id"":21352526},{""typ"":""package"",""id"":21352527},{""typ"":""package"",""id"":21352528},{""typ"":""package"",""id"":21352529},{""typ"":""package"",""id"":21352530},{""typ"":""package"",""id"":21352531},{""typ"":""package"",""id"":21352532},{""typ"":""package"",""id"":21352533},{""typ"":""package"",""id"":21352534},{""typ"":""package"",""id"":21352535},{""typ"":""package"",""id"":21352536},{""typ"":""package"",""id"":21352537},{""typ"":""package"",""id"":21352538},{""typ"":""package"",""id"":21352539},{""typ"":""package"",""id"":21352540},{""typ"":""package"",""id"":21352541},{""typ"":""package"",""id"":21352542},{""typ"":""package"",""id"":21352543},{""typ"":""package"",""id"":21352544},{""typ"":""package"",""id"":21352545},{""typ"":""package"",""id"":21352546},{""typ"":""package"",""id"":21352547},{""typ"":""package"",""id"":21352548},{""typ"":""package"",""id"":21352549},{""typ"":""package"",""id"":21352550},{""typ"":""package"",""id"":21352551},{""typ"":""package"",""id"":21352552},{""typ"":""package"",""id"":21352553},{""typ"":""package"",""id"":21352554},{""typ"":""package"",""id"":21352555},{""typ"":""package"",""id"":21352556},{""typ"":""package"",""id"":21352557},{""typ"":""package"",""id"":21352558},{""typ"":""package"",""id"":21352559},{""typ"":""package"",""id"":21352560},{""typ"":""package"",""id"":21352561},{""typ"":""package"",""id"":21352562},{""typ"":""package"",""id"":21352563},{""typ"":""package"",""id"":21352564},{""typ"":""package"",""id"":21352565},{""typ"":""package"",""id"":21352566},{""typ"":""package"",""id"":21352567},{""typ"":""package"",""id"":21352568},{""typ"":""package"",""id"":21352569},{""typ"":""package"",""id"":21352570},{""typ"":""package"",""id"":21352571},{""typ"":""package"",""id"":21352572},{""typ"":""package"",""id"":21352573},{""typ"":""package"",""id"":21352574},{""typ"":""package"",""id"":21352575},{""typ"":""package"",""id"":21352576},{""typ"":""arm_chain_package"",""id"":21215202}]"	"{""rule"":""LC_EVENT_spring_chain_pack_rules""}"	21191281	1	""""""	assets/operation/P2dlcimg/activityImg/EventBanner_BG_362.png	1	0	0	211201001	0	[]	""""""	0	15117248	0	""""""	0
	21127213	万圣节连锁礼包-2024-schema6	event_hallo_chain_pack_2024_scheam6	0	49995	21127152	"{""op"":""ge"",""typ"":""building"",""id"":111811,""val"":999}"	"{""label"":""LC_EVENT_2024_hallo_chain_pack_title"",""title"":""LC_EVENT_2024_hallo_chain_pack_title"",""subtitle"":""LC_EVENT_2024_hallo_chain_pack_title_desc""}"	"[{""typ"":""package"",""id"":21352525},{""typ"":""package"",""id"":21352526},{""typ"":""package"",""id"":21352527},{""typ"":""package"",""id"":21352528},{""typ"":""package"",""id"":21352529},{""typ"":""package"",""id"":21352530},{""typ"":""package"",""id"":21352531},{""typ"":""package"",""id"":21352532},{""typ"":""package"",""id"":21352533},{""typ"":""package"",""id"":21352534},{""typ"":""package"",""id"":21352535},{""typ"":""package"",""id"":21352536},{""typ"":""package"",""id"":21352537},{""typ"":""package"",""id"":21352538},{""typ"":""package"",""id"":21352539},{""typ"":""package"",""id"":21352540},{""typ"":""package"",""id"":21352541},{""typ"":""package"",""id"":21352542},{""typ"":""package"",""id"":21352543},{""typ"":""package"",""id"":21352544},{""typ"":""package"",""id"":21352545},{""typ"":""package"",""id"":21352546},{""typ"":""package"",""id"":21352547},{""typ"":""package"",""id"":21352548},{""typ"":""package"",""id"":21352549},{""typ"":""package"",""id"":21352550},{""typ"":""package"",""id"":21352551},{""typ"":""package"",""id"":21352552},{""typ"":""package"",""id"":21352577},{""typ"":""package"",""id"":21352578},{""typ"":""package"",""id"":21352579},{""typ"":""package"",""id"":21352580},{""typ"":""package"",""id"":21352581},{""typ"":""package"",""id"":21352582},{""typ"":""package"",""id"":21352583},{""typ"":""package"",""id"":21352584},{""typ"":""package"",""id"":21352585},{""typ"":""package"",""id"":21352586},{""typ"":""package"",""id"":21352587},{""typ"":""package"",""id"":21352588},{""typ"":""package"",""id"":21352589},{""typ"":""package"",""id"":21352590},{""typ"":""package"",""id"":21352591},{""typ"":""package"",""id"":21352592},{""typ"":""package"",""id"":21352593},{""typ"":""package"",""id"":21352594},{""typ"":""package"",""id"":21352595},{""typ"":""package"",""id"":21352596},{""typ"":""package"",""id"":21352597},{""typ"":""package"",""id"":21352598},{""typ"":""package"",""id"":21352599},{""typ"":""package"",""id"":21352600},{""typ"":""arm_chain_package"",""id"":21215202}]"	"{""rule"":""LC_EVENT_spring_chain_pack_rules""}"	21191281	1	""""""	assets/operation/P2dlcimg/activityImg/EventBanner_BG_362.png	1	0	0	211201001	0	[]	""""""	0	15117248	0	""""""	0
	21127214	万圣节2024-行军表情礼包	event_hallo_emoji_2024	0	49998	21127183	"{""op"":""ge"",""typ"":""building"",""id"":111811,""val"":999}"	"{""label"":""LC_IAP_hallo_2024_map_emoji_pkg"",""title"":""LC_IAP_hallo_2024_map_emoji_pkg""}"	"[{""typ"":""discount"",""id"": 21215341},{""typ"":""emoji_show"",""id"": 21215342}]"	{}	21191260	1	""""""	assets/operation/P2dlcimg/activityImg/EventBanner_BG_360.png	1	0	0	211201001	0	[]	""""""	0	15117248	0	""""""	0
	21127215	万圣节-2024-七日	event_hallo_2024_7days	0	50001	21121658	"{""op"":""ge"",""typ"":""building"",""id"":111811,""val"":999}"	"{""label"":""LC_EVENT_2023_halloween_7_days_title"",""title"":""LC_EVENT_2023_halloween_7_days_title"",""subtitle"":""LC_EVENT_2023_halloween_7_days_subtitle""}"	"[{""typ"":""task"",""id"":211551382},{""typ"":""task"",""id"":211551383},{""typ"":""task"",""id"":211551384},{""typ"":""task"",""id"":211551385},{""typ"":""task"",""id"":211551386},{""typ"":""task"",""id"":211551387},{""typ"":""task"",""id"":211551388},{""typ"":""task"",""id"":211551389},{""typ"":""task"",""id"":211551390},{""typ"":""task"",""id"":211551391},{""typ"":""task"",""id"":211551392},{""typ"":""task"",""id"":211551393},{""typ"":""task"",""id"":211551394},{""typ"":""task"",""id"":211551395},{""typ"":""task"",""id"":211551396},{""typ"":""task"",""id"":211551397},{""typ"":""task"",""id"":211551398},{""typ"":""task"",""id"":211551399},{""typ"":""task"",""id"":211551400},{""typ"":""task"",""id"":211551401},{""typ"":""task"",""id"":211551402},{""typ"":""task"",""id"":211551403},{""typ"":""task"",""id"":211551404},{""typ"":""task"",""id"":211551405},{""typ"":""task"",""id"":211551406},{""typ"":""task"",""id"":211551407},{""typ"":""task"",""id"":211551408},{""typ"":""task"",""id"":211551409},{""typ"":""task"",""id"":211551410},{""typ"":""task"",""id"":211551411},{""typ"":""task"",""id"":211551412},{""typ"":""task"",""id"":211551413},{""typ"":""task"",""id"":211551414},{""typ"":""task"",""id"":211551415},{""typ"":""task"",""id"":211551416},{""typ"":""task"",""id"":211551417},{""typ"":""task"",""id"":211551418},{""typ"":""task"",""id"":211551419},{""typ"":""task"",""id"":211551420},{""typ"":""task"",""id"":211551421},{""typ"":""task"",""id"":211551422},{""typ"":""task"",""id"":211551423},{""typ"":""task"",""id"":211551424},{""typ"":""task"",""id"":211551425},{""typ"":""task"",""id"":211551426},{""typ"":""task"",""id"":211551427},{""typ"":""task"",""id"":211551428},{""typ"":""task"",""id"":211551429},{""typ"":""task"",""id"":211551430},{""typ"":""task"",""id"":211551431},{""typ"":""task"",""id"":211551432},{""typ"":""task"",""id"":211551433},{""typ"":""task"",""id"":211551434},{""typ"":""task"",""id"":211551435},{""typ"":""task"",""id"":211551436},{""typ"":""task"",""id"":211551437},{""typ"":""task"",""id"":211551438},{""typ"":""task"",""id"":211551439},{""typ"":""task"",""id"":211551440},{""typ"":""task"",""id"":211551441},{""typ"":""7days_happy"",""id"": 21215336},{""typ"":""7days_happy"",""id"": 21215337},{""typ"":""7days_happy"",""id"": 21215338},{""typ"":""7days_happy"",""id"": 21215339},{""typ"":""hero_display"",""id"":21211053},{""typ"":""vip"",""id"":21211054},{""typ"":""7days_box"",""id"":21215340},{""typ"":""package"",""id"":21352524},{""typ"":""7days_box_bubble"",""id"":21211985},{""typ"":""retake"",""id"":21371156}]"	"{""rule"":""LC_EVENT_seven_days_box_rule""}"	21191239	1	""""""	assets/operation/P2dlcimg/activityImg/EventBanner_BG_249.png	1	0	0	211201001	1	[]	""""""	0	15117248	0	""""""	0
	21127216	万圣节-节日自选周卡	event_hallo_time_card_2024	0	49997	21127140	"{""op"":""ge"",""typ"":""building"",""id"":111811,""val"":999}"	"{""label"":""LC_EVENT_hallo_time_card_title_2024"",""title"":""LC_EVENT_hallo_time_card_title_2024"",""subtitle"":""LC_EVENT_summer_time_card_subtitle""}"	"[{""typ"":""package"",""id"":21352601},{""typ"":""package"",""id"":21352602},{""typ"":""package"",""id"":21352603},{""typ"":""package"",""id"":21352604},{""typ"":""package"",""id"":21352605},{""typ"":""package"",""id"":21352606},{""typ"":""package"",""id"":21352607},{""typ"":""package"",""id"":21352608},{""typ"":""package"",""id"":21352609},{""typ"":""package"",""id"":21352610},{""typ"":""package"",""id"":21352611},{""typ"":""package"",""id"":21352612}]"	"{""rule"":""LC_EVENT_hallo_time_card_rule""}"	21191240	1	""""""	assets/operation/P2dlcimg/activityImg/EventBanner_BG_121.png	1	0	0	211201001	0	[]	""""""	0	15117248	0	""""""	0
	21127217	万圣节2024-gacha累计任务	event_hallo_gacha_reward_2024	0	49999	21122048	"{""op"":""ge"",""typ"":""building"",""id"":111811,""val"":999}"	"{""group_label"":""LC_EVENT_2023halloween_gacha_title"",""label"":""LC_EVENT_children_actv3_name_2022"",""title"":""LC_EVENT_children_actv3_name_2022""}"	"[{""typ"":""task"",""id"":211551363},{""typ"":""task"",""id"":211551364},{""typ"":""task"",""id"":211551365},{""typ"":""task"",""id"":211551366},{""typ"":""task"",""id"":211551367},{""typ"":""task"",""id"":211551368},{""typ"":""task"",""id"":211551369}]"	"{""rule"":""LC_EVENT_2024hallo_gacha_reward_rule""}"	21191002	1	""""""	assets/operation/P2dlcimg/activityImg/EventBanner_BG_120.png	1	0	0	211201001	0	[]	""""""	0	15117248	0	""""""	0
	21127218	万圣节2024-装饰升级	event_halloween_2024_decoration	0	49997	21122050	"{""op"":""ge"",""typ"":""building"",""id"":111811,""val"":999}"	"{""label"":""LC_EVENT_thanksgiving_decoration_actv_name"",""title"":""LC_EVENT_thanksgiving_decoration_actv_name""}"	"[{""typ"":""task"",""id"":211551360},{""typ"":""task"",""id"":211551361},{""typ"":""task"",""id"":211551362},{""typ"":""statue_preview"",""id"":21215334}]"	"{""rule"":""LC_EVENT_thanksgiving_decoration_actv_rule""}"	21191107	1	""""""	assets/operation/P2dlcimg/activityImg/EventBanner_BG_364.png	1	0	0	211201001	0	[]	""""""	0	15117248	0	""""""	0
	21127219	万圣节-2024-wonder巨猿	event_hallo_festival_hegemony_2024	0	49994	21121499	"{""op"":""ge"",""typ"":""building"",""id"":111811,""val"":999}"	"{""label"":""LC_EVENT_labor_wonder_event_title"",""title"":""LC_EVENT_labor_wonder_event_title""}"	"[{""typ"":""rank"",""id"":21222171},{""typ"":""quest_reward_require"",""id"":21215311},{""typ"":""quest_reward_require"",""id"":21215312},{""typ"":""quest_reward_require"",""id"":21215313},{""typ"":""quest_reward_require"",""id"":21215314},{""typ"":""quest_reward_require"",""id"":21215315},{""typ"":""buff"",""id"":21211821},{""typ"":""buff"",""id"":21211822},{""typ"":""buff"",""id"":21211823},{""typ"":""task_group"",""id"":21215316},{""typ"":""task_group"",""id"":21215317},{""typ"":""create_entity"",""id"":21341186},{""typ"":""create_entity"",""id"":21341187},{""typ"":""create_entity"",""id"":21341188},{""typ"":""create_entity"",""id"":21341189},{""typ"":""create_entity"",""id"":21341190},{""typ"":""create_entity"",""id"":21341191},{""typ"":""create_entity"",""id"":21341192},{""typ"":""create_entity"",""id"":21341193},{""typ"":""create_entity"",""id"":21341194},{""typ"":""create_entity"",""id"":21341195},{""typ"":""create_entity"",""id"":21341196},{""typ"":""create_entity"",""id"":21341197},{""typ"":""create_entity"",""id"":21341198},{""typ"":""create_entity"",""id"":21341199},{""typ"":""create_entity"",""id"":21341200},{""typ"":""create_entity"",""id"":21341201},{""typ"":""create_entity"",""id"":21341203},{""typ"":""create_entity"",""id"":21341204},{""typ"":""create_entity"",""id"":21341205},{""typ"":""create_entity"",""id"":21341206},{""typ"":""create_entity"",""id"":21341207},{""typ"":""create_entity"",""id"":21341208},{""typ"":""create_entity"",""id"":21341209},{""typ"":""create_entity"",""id"":21341210},{""typ"":""create_entity"",""id"":21341211},{""typ"":""create_entity"",""id"":21341212},{""typ"":""create_entity"",""id"":21341213},{""typ"":""create_entity"",""id"":21341214},{""typ"":""create_entity"",""id"":21341215},{""typ"":""create_entity"",""id"":21341216},{""typ"":""create_entity"",""id"":21341217},{""typ"":""create_entity"",""id"":21341218},{""typ"":""create_entity"",""id"":21341219},{""typ"":""create_entity"",""id"":21341220},{""typ"":""create_entity"",""id"":21341221},{""typ"":""create_entity"",""id"":21341222},{""typ"":""create_entity"",""id"":21341223},{""typ"":""create_entity"",""id"":21341224},{""typ"":""create_entity"",""id"":21341225},{""typ"":""create_entity"",""id"":21341226},{""typ"":""create_entity"",""id"":21341227},{""typ"":""create_entity"",""id"":21341228},{""typ"":""create_entity"",""id"":21341229},{""typ"":""create_entity"",""id"":21341230},{""typ"":""create_entity"",""id"":21341231},{""typ"":""create_entity"",""id"":21341232},{""typ"":""create_entity"",""id"":21341233},{""typ"":""create_entity"",""id"":21341234},{""typ"":""create_entity"",""id"":21341235},{""typ"":""create_entity"",""id"":21341236},{""typ"":""create_entity"",""id"":21341237},{""typ"":""create_entity"",""id"":21341238},{""typ"":""create_entity"",""id"":21341239},{""typ"":""create_entity"",""id"":21341240},{""typ"":""create_entity"",""id"":21341241},{""typ"":""create_entity"",""id"":21341242},{""typ"":""create_entity"",""id"":21341243},{""typ"":""create_entity"",""id"":21341244},{""typ"":""create_entity"",""id"":21341245},{""typ"":""create_entity"",""id"":21341246},{""typ"":""create_entity"",""id"":21341247},{""typ"":""create_entity"",""id"":21341248},{""typ"":""create_entity"",""id"":21341249},{""typ"":""create_entity"",""id"":21341250},{""typ"":""create_entity"",""id"":21341251},{""typ"":""create_entity"",""id"":21341252},{""typ"":""create_entity"",""id"":21341253},{""typ"":""create_entity"",""id"":21341254},{""typ"":""create_entity"",""id"":21341255},{""typ"":""create_entity"",""id"":21341256},{""typ"":""create_entity"",""id"":21341257},{""typ"":""create_entity"",""id"":21341258},{""typ"":""create_entity"",""id"":21341259},{""typ"":""create_entity"",""id"":21341260},{""typ"":""create_entity"",""id"":21341261},{""typ"":""create_entity"",""id"":21341262},{""typ"":""create_entity"",""id"":21341263},{""typ"":""create_entity"",""id"":21341264},{""typ"":""create_entity"",""id"":21341265},{""typ"":""create_entity"",""id"":21341266},{""typ"":""create_entity"",""id"":21341267},{""typ"":""create_entity"",""id"":21341268},{""typ"":""create_entity"",""id"":21341269},{""typ"":""create_entity"",""id"":21341270},{""typ"":""create_entity"",""id"":21341271},{""typ"":""create_entity"",""id"":21341272},{""typ"":""festival_wonder"",""id"":21215310},{""typ"":""wonder_hero_display"",""id"":21215331}]"	"{""rule"":""LC_EVENT_2023_moon_wonder_rules""}"	21191282	1	""""""	assets/operation/P2dlcimg/activityImg/EventBanner_BG_162.png	1	0	15116148	211201001	0	[]	""""""	0	15117248	0	""""""	0
	21127220	万圣节多条件连锁礼包（万圣节大挑战）	event_hallo_chain_task_2024	0	49998	21127220	"{""op"":""ge"",""typ"":""building"",""id"":111811,""val"":999}"	"{""label"":""LC_EVENT_hallo_chain_task_2024_title"",""title"":""LC_EVENT_hallo_chain_task_2024_title""}"	"[{""typ"":""task"",""id"":211560215},{""typ"":""task"",""id"":211560216},{""typ"":""task"",""id"":211560217},{""typ"":""task"",""id"":211560218},{""typ"":""task"",""id"":211560219},{""typ"":""task"",""id"":211560220},{""typ"":""task"",""id"":211560221},{""typ"":""task"",""id"":211560222},{""typ"":""task"",""id"":211560223},{""typ"":""task"",""id"":211560224},{""typ"":""task"",""id"":211560225},{""typ"":""task"",""id"":211560226},{""typ"":""task"",""id"":211560227},{""typ"":""task"",""id"":211560228},{""typ"":""task"",""id"":211560229},{""typ"":""task"",""id"":211560230},{""typ"":""task"",""id"":211560231},{""typ"":""task"",""id"":211560232},{""typ"":""task"",""id"":211560233},{""typ"":""task"",""id"":211560234},{""typ"":""task"",""id"":211560235},{""typ"":""task"",""id"":211560236},{""typ"":""task"",""id"":211560237},{""typ"":""task"",""id"":211560238},{""typ"":""task"",""id"":211560239},{""typ"":""task"",""id"":211560240},{""typ"":""task"",""id"":211560241},{""typ"":""task"",""id"":211560242},{""typ"":""task"",""id"":211560243},{""typ"":""task"",""id"":211560244},{""typ"":""task"",""id"":211560245},{""typ"":""task"",""id"":211560246},{""typ"":""task"",""id"":211560247},{""typ"":""task"",""id"":211560248},{""typ"":""task"",""id"":211560249},{""typ"":""task"",""id"":211560250},{""typ"":""task"",""id"":211560251},{""typ"":""task"",""id"":211560252},{""typ"":""task"",""id"":211560253},{""typ"":""task"",""id"":211560254},{""typ"":""task"",""id"":211560255},{""typ"":""task"",""id"":211560256},{""typ"":""task"",""id"":211560257},{""typ"":""task"",""id"":211560258},{""typ"":""task"",""id"":211560259},{""typ"":""task"",""id"":211560260},{""typ"":""task"",""id"":211560261},{""typ"":""task"",""id"":211560262},{""typ"":""task"",""id"":211560263},{""typ"":""task"",""id"":211560264},{""typ"":""task"",""id"":211560265},{""typ"":""task"",""id"":211560266},{""typ"":""task"",""id"":211560267},{""typ"":""task"",""id"":211560268},{""typ"":""task"",""id"":211560269},{""typ"":""task"",""id"":211560270},{""typ"":""task"",""id"":211560271},{""typ"":""task"",""id"":211560272},{""typ"":""task"",""id"":211560273},{""typ"":""task"",""id"":211560274},{""typ"":""task"",""id"":211560275},{""typ"":""task"",""id"":211560276},{""typ"":""task"",""id"":211560277},{""typ"":""task"",""id"":211560278},{""typ"":""task"",""id"":211560279},{""typ"":""task"",""id"":211560280},{""typ"":""task"",""id"":211560281},{""typ"":""task"",""id"":211560282},{""typ"":""task"",""id"":211560283},{""typ"":""task"",""id"":211560284},{""typ"":""7days_happy"",""id"":21217024},{""typ"":""7days_happy"",""id"":21217025},{""typ"":""7days_happy"",""id"":21217026},{""typ"":""7days_happy"",""id"":21217027},{""typ"":""7days_happy"",""id"":21217028},{""typ"":""7days_happy"",""id"":21217029},{""typ"":""package"",""id"":21352613},{""typ"":""package"",""id"":21352614},{""typ"":""package"",""id"":21352615},{""typ"":""package"",""id"":21352616},{""typ"":""package"",""id"":21352617}]"	{}	21191284	1		assets/operation/P2dlcimg/activityImg/EventBanner_BG_359.png	1	0	0	211201001	0	[]	""""""	0	15117248	0	""""""	0
	21127221	万圣节-装饰兑换商店	event_hallo_2024_shop	0	49994	21127012	"{""op"":""ge"",""typ"":""building"",""id"":111811,""val"":999}"	"{""group_label"":""LC_EVENT_2023halloween_gacha_title"",""label"":""LC_EVENT_skinshop_title"",""title"":""LC_EVENT_skinshop_title""}"	"[{""typ"":""exchange"",""id"":21161633},{""typ"":""exchange"",""id"":21161634},{""typ"":""exchange"",""id"":21161503},{""typ"":""exchange"",""id"":21161504},{""typ"":""exchange"",""id"":21161365},{""typ"":""exchange"",""id"":21161366},{""typ"":""exchange"",""id"":21161363},{""typ"":""exchange"",""id"":21161364},{""typ"":""exchange"",""id"":21161361},{""typ"":""exchange"",""id"":21161362},{""typ"":""exchange"",""id"":21161342},{""typ"":""exchange"",""id"":21161343},{""typ"":""exchange"",""id"":21161280},{""typ"":""exchange"",""id"":21161281},{""typ"":""exchange"",""id"":21161326},{""typ"":""exchange"",""id"":21161328},{""typ"":""exchange"",""id"":21161358},{""typ"":""exchange"",""id"":21161359},{""typ"":""exchange"",""id"":21161360},{""typ"":""exchange"",""id"":21161258},{""typ"":""exchange"",""id"":21161259},{""typ"":""exchange"",""id"":21161367},{""typ"":""package"",""id"":21352051},{""typ"":""package"",""id"":21352477},{""typ"":""package"",""id"":21352478}]"	"{""rule"":""LC_EVENT_skinshop_rule""}"	21191203	1	""""""	assets/operation/P2dlcimg/activityImg/EventBanner_BG_273.png	1	0	0	211201001	0	[]	""""""	0	15117248	0	""""""	0
	21127222	万圣节-2024-掉落-1	event_halloween_drop_2024	0	49989	21121648	"{""op"":""ge"",""typ"":""building"",""id"":111811,""val"":999}"	"{""label"":""LC_EVENT_halloween_actv3_name_2022"",""title"":""LC_EVENT_halloween_actv3_name_2022"",""subtitle"":""LC_EVENT_halloween_actv3_desc_2022""}"	"[{""typ"":""drop"",""id"":21241730},{""typ"":""drop"",""id"":21241731},{""typ"":""drop"",""id"":21241732},{""typ"":""drop"",""id"":21241733},{""typ"":""drop"",""id"":21241734},{""typ"":""drop"",""id"":21241735},{""typ"":""drop"",""id"":21241736},{""typ"":""drop"",""id"":21241737},{""typ"":""drop"",""id"":21241738},{""typ"":""drop"",""id"":21241739},{""typ"":""drop"",""id"":21241740},{""typ"":""drop"",""id"":21241741},{""typ"":""drop"",""id"":21241742},{""typ"":""drop"",""id"":21241743},{""typ"":""drop"",""id"":21241744}]"	"{""rule"":""LC_EVENT_halloween_actv7_rule_2022""}"	21191038	1	""""""	assets/operation/P2dlcimg/activityImg/EventBanner_BG_118.png	1	0	0	211201001	0	[]	""""""	0	15117248	0	""""""	0
	21127223	前期节日-限时抢购（沙滩节包装	event_flash_sale_2026	0	49993	21127223	"{""op"":""ge"",""typ"":""building"",""id"":111811,""val"":6}"	"{""label"":""LC_EVENT_flash_sale_name"",""title"":""LC_EVENT_flash_sale_name""}"	"[{""typ"":""package"",""id"":21353103},{""typ"":""package"",""id"":21353104},{""typ"":""package"",""id"":21353105},{""typ"":""package"",""id"":21353106},{""typ"":""package"",""id"":21353107},{""typ"":""package"",""id"":21353108},{""typ"":""package"",""id"":21353109},{""typ"":""package"",""id"":21353110},{""typ"":""package"",""id"":21353116},{""typ"":""task"",""id"":211551451},{""typ"":""task"",""id"":211551452},{""typ"":""task"",""id"":211551453},{""typ"":""task"",""id"":211551454},{""typ"":""task"",""id"":211551455},{""typ"":""flash_sale_buy_duration"",""id"":21217032},{""typ"":""flash_sale_gacha"",""id"":21217033},{""typ"":""flash_sale_popup"",""id"":21217034},{""typ"":""flash_sale_raffle"",""id"":21217035},{""typ"":""flash_sale_buy_opentime"",""id"":21217036},{""typ"":""retake"",""id"":21371261}]"	"{""rule"":""LC_EVENT_flash_sale_rule""}"	21191333	1	""""""	""""""	1	0	0	211201001	0	[]	""""""	0	1511031032	1	""""""	0
	21127224	前期节日-每日gacha礼包	event_gacha_iap_daily	0	49996	21127224	"{""op"":""ge"",""typ"":""building"",""id"":111811,""val"":5}"	"{""label"":""LC_EVENT_holiday_daily_iap"",""title"":""LC_EVENT_holiday_daily_iap""}"	"[{""typ"":""weekly_pay_ratio"",""id"":21217037},{""typ"":""task"",""id"":211551456},{""typ"":""package"",""id"":21353111},{""typ"":""package"",""id"":21353112},{""typ"":""package"",""id"":21353113},{""typ"":""package"",""id"":21353114},{""typ"":""package"",""id"":21353115}]"	"{""rule"":""LC_EVENT_mystery_treasure_rule""}"	21191335	0	""""""	""""""	1	0	0	211201001	0	[]	""""""	0	1511031035	1	""""""	0
	21127225	前期节日-大富翁	event_fes_summer_monopoly_gacha	0	49999	21127225	"{""op"":""ge"",""typ"":""building"",""id"":111811,""val"":5}"	"{""label"":""LC_EVENT_fes_monopoly_title"",""title"":""LC_EVENT_fes_monopoly_title"",""calendar"":""LC_EVENT_fes_monopoly_title""}"	"[{""typ"":""monopoly_gacha_map"",""id"":21510013},{""typ"":""monopoly_gacha_dice"",""id"":21534001},{""typ"":""monopoly_piggy_bank"",""id"":21217038},{""typ"":""task"",""id"":211551457},{""typ"":""task"",""id"":211551458},{""typ"":""task"",""id"":211551459},{""typ"":""task"",""id"":211551460},{""typ"":""task"",""id"":211551461},{""typ"":""task"",""id"":211551462},{""typ"":""task"",""id"":211551463},{""typ"":""task"",""id"":211551464},{""typ"":""task"",""id"":211551465},{""typ"":""task"",""id"":211551466},{""typ"":""task"",""id"":211551467},{""typ"":""package"",""id"":213521101},{""typ"":""package"",""id"":213521102},{""typ"":""package"",""id"":213521103},{""typ"":""package"",""id"":213521104},{""typ"":""package"",""id"":213521105},{""typ"":""package"",""id"":213521106},{""typ"":""package"",""id"":213521107},{""typ"":""package"",""id"":213521108},{""typ"":""package"",""id"":213521109},{""typ"":""package"",""id"":213521110},{""typ"":""package"",""id"":213521111},{""typ"":""package"",""id"":213521112},{""typ"":""package"",""id"":213521113},{""typ"":""package"",""id"":213521114},{""typ"":""package"",""id"":213521115},{""typ"":""package"",""id"":213521116},{""typ"":""package"",""id"":213521117},{""typ"":""exchange"",""id"":21161738},{""typ"":""exchange"",""id"":21161739},{""typ"":""exchange"",""id"":21161740},{""typ"":""exchange"",""id"":21161741},{""typ"":""exchange"",""id"":21161742},{""typ"":""exchange"",""id"":21161743},{""typ"":""exchange"",""id"":21161744},{""typ"":""exchange"",""id"":21161745},{""typ"":""exchange"",""id"":21161746},{""typ"":""exchange"",""id"":21161747},        {""typ"":""statue_preview"",""id"":21217039}]"	"{""rule"":""LC_EVENT_easter_monopoly_rule""}"	21191336	1	""""""	assets/x2/operation/EventBanner/GemHunt_bg_Scene01.png	1	0	0	211201001	1	[]	""""""	0	1511031036	1	assets/operation/P2dlcimg/activitymini/EventBanner_Timeline_103.png	0
