	212101153	掉落转付费-通用-提交道具	drop_topay	[{"asset":{"typ":"item","id":111111118,"val":1},"setting":{"serial_number":5,"ishighlight":false}},{"asset":{"typ":"item","id":111111119,"val":1},"setting":{"serial_number":5,"ishighlight":false}}]	{}	100	500	0	[]	NULL	[]	[{"typ":"item","id":111111117,"val":1},{"typ":"item","id":111111121,"val":1}]	{}	[]	0
	212101154	掉落转付费-节日通用-阶段宝箱	new_progress	[{"asset":{"typ":"item","id":111111120,"val":1},"setting":{"serial_number":5,"ishighlight":false}}]	{}	4000	0	1	[]	NULL	[]	[]	{}	[]	0
	212101155	掉落转付费-节日通用-阶段宝箱	new_progress	[{"asset":{"typ":"item","id":111111120,"val":1},"setting":{"serial_number":5,"ishighlight":false}}]	{}	8000	0	1	[]	NULL	[]	[]	{}	[]	0
	212101156	掉落转付费-节日通用-阶段宝箱	new_progress	[{"asset":{"typ":"item","id":111111120,"val":1},"setting":{"serial_number":5,"ishighlight":false}}]	{}	12000	0	1	[]	NULL	[]	[]	{}	[]	0
	212101157	掉落转付费-节日通用-阶段宝箱	new_progress	[{"asset":{"typ":"item","id":111111120,"val":1},"setting":{"serial_number":5,"ishighlight":false}}]	{}	16000	0	1	[]	NULL	[]	[]	{}	[]	0
	212101158	掉落转付费-节日通用-阶段宝箱	new_progress	[{"asset":{"typ":"item","id":111111120,"val":1},"setting":{"serial_number":5,"ishighlight":false}}]	{}	20000	0	1	[]	NULL	[]	[]	{}	[]	0
	212101159	掉落转付费-节日通用-阶段宝箱	new_progress	[{"asset":{"typ":"item","id":111111120,"val":1},"setting":{"serial_number":5,"ishighlight":false}}]	{}	24000	0	1	[]	NULL	[]	[]	{}	[]	0
	212101160	掉落转付费-节日通用-阶段宝箱	new_progress	[{"asset":{"typ":"item","id":111111120,"val":1},"setting":{"serial_number":5,"ishighlight":false}}]	{}	28000	0	1	[]	NULL	[]	[]	{}	[]	0
	212101161	掉落转付费-节日通用-阶段宝箱	new_progress	[{"asset":{"typ":"item","id":111111120,"val":1},"setting":{"serial_number":5,"ishighlight":false}}]	{}	32000	0	1	[]	NULL	[]	[]	{}	[]	0
	212101162	掉落转付费-节日通用-阶段宝箱	new_progress	[{"asset":{"typ":"item","id":111111120,"val":1},"setting":{"serial_number":5,"ishighlight":false}}]	{}	36000	0	1	[]	NULL	[]	[]	{}	[]	0
	212101163	掉落转付费-节日通用-阶段宝箱	new_progress	[{"asset":{"typ":"item","id":111111120,"val":1},"setting":{"serial_number":5,"ishighlight":false}}]	{}	40000	0	1	[]	NULL	[]	[]	{}	[]	0
	212101164	掉落转付费-节日通用-阶段宝箱	new_progress	[{"asset":{"typ":"item","id":111111120,"val":1},"setting":{"serial_number":5,"ishighlight":false}}]	{}	44000	0	1	[]	NULL	[]	[]	{}	[]	0
	212101165	掉落转付费-节日通用-阶段宝箱	new_progress	[{"asset":{"typ":"item","id":111111120,"val":1},"setting":{"serial_number":5,"ishighlight":false}}]	{}	48000	0	1	[]	NULL	[]	[]	{}	[]	0
	212101166	掉落转付费-节日通用-阶段宝箱	new_progress	[{"asset":{"typ":"item","id":111111120,"val":1},"setting":{"serial_number":5,"ishighlight":false}}]	{}	52000	0	1	[]	NULL	[]	[]	{}	[]	0
	212101167	掉落转付费-节日通用-阶段宝箱	new_progress	[{"asset":{"typ":"item","id":111111120,"val":1},"setting":{"serial_number":5,"ishighlight":false}}]	{}	56000	0	1	[]	NULL	[]	[]	{}	[]	0
	212101168	掉落转付费-节日通用-阶段宝箱	new_progress	[{"asset":{"typ":"item","id":111111120,"val":1},"setting":{"serial_number":5,"ishighlight":false}}]	{}	60000	0	1	[]	NULL	[]	[]	{}	[]	0
	212101169	掉落转付费-节日通用-阶段宝箱	new_progress	[{"asset":{"typ":"item","id":111111120,"val":1},"setting":{"serial_number":5,"ishighlight":false}}]	{}	64000	0	1	[]	NULL	[]	[]	{}	[]	0
	212101170	掉落转付费-节日通用-阶段宝箱	new_progress	[{"asset":{"typ":"item","id":111111120,"val":1},"setting":{"serial_number":5,"ishighlight":false}}]	{}	68000	0	1	[]	NULL	[]	[]	{}	[]	0
	212101171	掉落转付费-节日通用-阶段宝箱	new_progress	[{"asset":{"typ":"item","id":111111120,"val":1},"setting":{"serial_number":5,"ishighlight":false}}]	{}	72000	0	1	[]	NULL	[]	[]	{}	[]	0
	212101172	掉落转付费-节日通用-阶段宝箱	new_progress	[{"asset":{"typ":"item","id":111111120,"val":1},"setting":{"serial_number":5,"ishighlight":false}}]	{}	76000	0	1	[]	NULL	[]	[]	{}	[]	0
	212101173	掉落转付费-节日通用-阶段宝箱	new_progress	[{"asset":{"typ":"item","id":111111120,"val":1},"setting":{"serial_number":5,"ishighlight":false}}]	{}	80000	0	1	[]	NULL	[]	[]	{}	[]	0
	212101174	掉落转付费-节日通用-阶段宝箱	new_progress	[{"asset":{"typ":"item","id":111111120,"val":1},"setting":{"serial_number":5,"ishighlight":false}}]	{}	84000	0	1	[]	NULL	[]	[]	{}	[]	0
	212101175	掉落转付费-节日通用-阶段宝箱	new_progress	[{"asset":{"typ":"item","id":111111120,"val":1},"setting":{"serial_number":5,"ishighlight":false}}]	{}	88000	0	1	[]	NULL	[]	[]	{}	[]	0
	212101176	掉落转付费-节日通用-阶段宝箱	new_progress	[{"asset":{"typ":"item","id":111111120,"val":1},"setting":{"serial_number":5,"ishighlight":false}}]	{}	92000	0	1	[]	NULL	[]	[]	{}	[]	0
	212101177	掉落转付费-节日通用-阶段宝箱	new_progress	[{"asset":{"typ":"item","id":111111120,"val":1},"setting":{"serial_number":5,"ishighlight":false}}]	{}	96000	0	1	[]	NULL	[]	[]	{}	[]	0
	212101178	掉落转付费-节日通用-阶段宝箱	new_progress	[{"asset":{"typ":"item","id":111111120,"val":1},"setting":{"serial_number":5,"ishighlight":false}}]	{}	100000	0	1	[]	NULL	[]	[]	{}	[]	0
	212101179	掉落转付费-节日通用-阶段宝箱	new_progress	[{"asset":{"typ":"item","id":111111120,"val":1},"setting":{"serial_number":5,"ishighlight":false}}]	{}	104000	0	1	[]	NULL	[]	[]	{}	[]	0
	212101180	掉落转付费-节日通用-阶段宝箱	new_progress	[{"asset":{"typ":"item","id":111111120,"val":1},"setting":{"serial_number":5,"ishighlight":false}}]	{}	108000	0	1	[]	NULL	[]	[]	{}	[]	0
	212101181	掉落转付费-节日通用-阶段宝箱	new_progress	[{"asset":{"typ":"item","id":111111120,"val":1},"setting":{"serial_number":5,"ishighlight":false}}]	{}	112000	0	1	[]	NULL	[]	[]	{}	[]	0
	212101182	掉落转付费-节日通用-阶段宝箱	new_progress	[{"asset":{"typ":"item","id":111111120,"val":1},"setting":{"serial_number":5,"ishighlight":false}}]	{}	116000	0	1	[]	NULL	[]	[]	{}	[]	0
	212101183	掉落转付费-节日通用-阶段宝箱	new_progress	[{"asset":{"typ":"item","id":111111120,"val":1},"setting":{"serial_number":5,"ishighlight":false}}]	{}	120000	0	1	[]	NULL	[]	[]	{}	[]	0
	212101184	掉落转付费-节日通用-阶段宝箱	new_progress	[{"asset":{"typ":"item","id":111111120,"val":1},"setting":{"serial_number":5,"ishighlight":false}}]	{}	124000	0	1	[]	NULL	[]	[]	{}	[]	0
	212101185	掉落转付费-节日通用-阶段宝箱	new_progress	[{"asset":{"typ":"item","id":111111120,"val":1},"setting":{"serial_number":5,"ishighlight":false}}]	{}	128000	0	1	[]	NULL	[]	[]	{}	[]	0
	212101186	掉落转付费-节日通用-阶段宝箱	new_progress	[{"asset":{"typ":"item","id":111111120,"val":1},"setting":{"serial_number":5,"ishighlight":false}}]	{}	132000	0	1	[]	NULL	[]	[]	{}	[]	0
	212101187	掉落转付费-节日通用-阶段宝箱	new_progress	[{"asset":{"typ":"item","id":111111120,"val":1},"setting":{"serial_number":5,"ishighlight":false}}]	{}	136000	0	1	[]	NULL	[]	[]	{}	[]	0
	212101188	掉落转付费-节日通用-阶段宝箱	new_progress	[{"asset":{"typ":"item","id":111111120,"val":1},"setting":{"serial_number":5,"ishighlight":false}}]	{}	140000	0	1	[]	NULL	[]	[]	{}	[]	0
	212101189	掉落转付费-节日通用-阶段宝箱	new_progress	[{"asset":{"typ":"item","id":111111120,"val":1},"setting":{"serial_number":5,"ishighlight":false}}]	{}	144000	0	1	[]	NULL	[]	[]	{}	[]	0
	212101190	掉落转付费-节日通用-阶段宝箱	new_progress	[{"asset":{"typ":"item","id":111111120,"val":1},"setting":{"serial_number":5,"ishighlight":false}}]	{}	148000	0	1	[]	NULL	[]	[]	{}	[]	0
	212101191	掉落转付费-节日通用-阶段宝箱	new_progress	[{"asset":{"typ":"item","id":111111120,"val":1},"setting":{"serial_number":5,"ishighlight":false}}]	{}	152000	0	1	[]	NULL	[]	[]	{}	[]	0
	212101192	掉落转付费-节日通用-阶段宝箱	new_progress	[{"asset":{"typ":"item","id":111111120,"val":1},"setting":{"serial_number":5,"ishighlight":false}}]	{}	156000	0	1	[]	NULL	[]	[]	{}	[]	0
	212101193	掉落转付费-节日通用-阶段宝箱	new_progress	[{"asset":{"typ":"item","id":111111120,"val":1},"setting":{"serial_number":5,"ishighlight":false}}]	{}	160000	0	1	[]	NULL	[]	[]	{}	[]	0
	212101194	掉落转付费-节日通用-阶段宝箱	new_progress	[{"asset":{"typ":"item","id":111111120,"val":1},"setting":{"serial_number":5,"ishighlight":false}}]	{}	164000	0	1	[]	NULL	[]	[]	{}	[]	0
	212101195	掉落转付费-节日通用-阶段宝箱	new_progress	[{"asset":{"typ":"item","id":111111120,"val":1},"setting":{"serial_number":5,"ishighlight":false}}]	{}	168000	0	1	[]	NULL	[]	[]	{}	[]	0
	212101196	掉落转付费-节日通用-阶段宝箱	new_progress	[{"asset":{"typ":"item","id":111111120,"val":1},"setting":{"serial_number":5,"ishighlight":false}}]	{}	172000	0	1	[]	NULL	[]	[]	{}	[]	0
	212101197	掉落转付费-节日通用-阶段宝箱	new_progress	[{"asset":{"typ":"item","id":111111120,"val":1},"setting":{"serial_number":5,"ishighlight":false}}]	{}	176000	0	1	[]	NULL	[]	[]	{}	[]	0
	212101198	掉落转付费-节日通用-阶段宝箱	new_progress	[{"asset":{"typ":"item","id":111111120,"val":1},"setting":{"serial_number":5,"ishighlight":false}}]	{}	180000	0	1	[]	NULL	[]	[]	{}	[]	0
	212101199	掉落转付费-节日通用-阶段宝箱	new_progress	[{"asset":{"typ":"item","id":111111120,"val":1},"setting":{"serial_number":5,"ishighlight":false}}]	{}	184000	0	1	[]	NULL	[]	[]	{}	[]	0
	212101200	掉落转付费-节日通用-阶段宝箱	new_progress	[{"asset":{"typ":"item","id":111111120,"val":1},"setting":{"serial_number":5,"ishighlight":false}}]	{}	188000	0	1	[]	NULL	[]	[]	{}	[]	0
	212101201	掉落转付费-节日通用-阶段宝箱	new_progress	[{"asset":{"typ":"item","id":111111120,"val":1},"setting":{"serial_number":5,"ishighlight":false}}]	{}	192000	0	1	[]	NULL	[]	[]	{}	[]	0
	212101202	掉落转付费-节日通用-阶段宝箱	new_progress	[{"asset":{"typ":"item","id":111111120,"val":1},"setting":{"serial_number":5,"ishighlight":false}}]	{}	196000	0	1	[]	NULL	[]	[]	{}	[]	0
	212101203	掉落转付费-节日通用-阶段宝箱	new_progress	[{"asset":{"typ":"item","id":111111120,"val":1},"setting":{"serial_number":5,"ishighlight":false}}]	{}	200000	0	1	[]	NULL	[]	[]	{}	[]	0
	212101204	掉落转付费-节日通用-阶段宝箱	new_progress	[{"asset":{"typ":"item","id":111111120,"val":1},"setting":{"serial_number":5,"ishighlight":false}}]	{}	204000	0	1	[]	NULL	[]	[]	{}	[]	0
	212101205	掉落转付费-节日通用-阶段宝箱	new_progress	[{"asset":{"typ":"item","id":111111120,"val":1},"setting":{"serial_number":5,"ishighlight":false}}]	{}	208000	0	1	[]	NULL	[]	[]	{}	[]	0
	212101206	掉落转付费-节日通用-阶段宝箱	new_progress	[{"asset":{"typ":"item","id":111111120,"val":1},"setting":{"serial_number":5,"ishighlight":false}}]	{}	212000	0	1	[]	NULL	[]	[]	{}	[]	0
	212101207	掉落转付费-节日通用-阶段宝箱	new_progress	[{"asset":{"typ":"item","id":111111120,"val":1},"setting":{"serial_number":5,"ishighlight":false}}]	{}	216000	0	1	[]	NULL	[]	[]	{}	[]	0
	212101208	掉落转付费-节日通用-阶段宝箱	new_progress	[{"asset":{"typ":"item","id":111111120,"val":1},"setting":{"serial_number":5,"ishighlight":false}}]	{}	220000	0	1	[]	NULL	[]	[]	{}	[]	0
	212101209	掉落转付费-节日通用-阶段宝箱	new_progress	[{"asset":{"typ":"item","id":111111120,"val":1},"setting":{"serial_number":5,"ishighlight":false}}]	{}	224000	0	1	[]	NULL	[]	[]	{}	[]	0
	212101210	掉落转付费-节日通用-阶段宝箱	new_progress	[{"asset":{"typ":"item","id":111111120,"val":1},"setting":{"serial_number":5,"ishighlight":false}}]	{}	228000	0	1	[]	NULL	[]	[]	{}	[]	0
	212101211	掉落转付费-节日通用-阶段宝箱	new_progress	[{"asset":{"typ":"item","id":111111120,"val":1},"setting":{"serial_number":5,"ishighlight":false}}]	{}	232000	0	1	[]	NULL	[]	[]	{}	[]	0
	212101212	掉落转付费-节日通用-阶段宝箱	new_progress	[{"asset":{"typ":"item","id":111111120,"val":1},"setting":{"serial_number":5,"ishighlight":false}}]	{}	236000	0	1	[]	NULL	[]	[]	{}	[]	0
	212101213	掉落转付费-节日通用-阶段宝箱	new_progress	[{"asset":{"typ":"item","id":111111120,"val":1},"setting":{"serial_number":5,"ishighlight":false}}]	{}	240000	0	1	[]	NULL	[]	[]	{}	[]	0
	212101214	掉落转付费-节日通用-阶段宝箱	new_progress	[{"asset":{"typ":"item","id":111111120,"val":1},"setting":{"serial_number":5,"ishighlight":false}}]	{}	244000	0	1	[]	NULL	[]	[]	{}	[]	0
	212101215	掉落转付费-节日通用-阶段宝箱	new_progress	[{"asset":{"typ":"item","id":111111120,"val":1},"setting":{"serial_number":5,"ishighlight":false}}]	{}	248000	0	1	[]	NULL	[]	[]	{}	[]	0
	212101216	掉落转付费-节日通用-阶段宝箱	new_progress	[{"asset":{"typ":"item","id":111111120,"val":1},"setting":{"serial_number":5,"ishighlight":false}}]	{}	252000	0	1	[]	NULL	[]	[]	{}	[]	0
	212101217	掉落转付费-节日通用-阶段宝箱	new_progress	[{"asset":{"typ":"item","id":111111120,"val":1},"setting":{"serial_number":5,"ishighlight":false}}]	{}	256000	0	1	[]	NULL	[]	[]	{}	[]	0
	212101218	掉落转付费-节日通用-阶段宝箱	new_progress	[{"asset":{"typ":"item","id":111111120,"val":1},"setting":{"serial_number":5,"ishighlight":false}}]	{}	260000	0	1	[]	NULL	[]	[]	{}	[]	0
	212101219	掉落转付费-节日通用-阶段宝箱	new_progress	[{"asset":{"typ":"item","id":111111120,"val":1},"setting":{"serial_number":5,"ishighlight":false}}]	{}	264000	0	1	[]	NULL	[]	[]	{}	[]	0
	212101220	掉落转付费-节日通用-阶段宝箱	new_progress	[{"asset":{"typ":"item","id":111111120,"val":1},"setting":{"serial_number":5,"ishighlight":false}}]	{}	268000	0	1	[]	NULL	[]	[]	{}	[]	0
	212101221	掉落转付费-节日通用-阶段宝箱	new_progress	[{"asset":{"typ":"item","id":111111120,"val":1},"setting":{"serial_number":5,"ishighlight":false}}]	{}	272000	0	1	[]	NULL	[]	[]	{}	[]	0
	212101222	掉落转付费-节日通用-阶段宝箱	new_progress	[{"asset":{"typ":"item","id":111111120,"val":1},"setting":{"serial_number":5,"ishighlight":false}}]	{}	276000	0	1	[]	NULL	[]	[]	{}	[]	0
	212101223	掉落转付费-节日通用-阶段宝箱	new_progress	[{"asset":{"typ":"item","id":111111120,"val":1},"setting":{"serial_number":5,"ishighlight":false}}]	{}	280000	0	1	[]	NULL	[]	[]	{}	[]	0
	212101224	掉落转付费-节日通用-阶段宝箱	new_progress	[{"asset":{"typ":"item","id":111111120,"val":1},"setting":{"serial_number":5,"ishighlight":false}}]	{}	284000	0	1	[]	NULL	[]	[]	{}	[]	0
	212101225	掉落转付费-节日通用-阶段宝箱	new_progress	[{"asset":{"typ":"item","id":111111120,"val":1},"setting":{"serial_number":5,"ishighlight":false}}]	{}	288000	0	1	[]	NULL	[]	[]	{}	[]	0
	212101226	掉落转付费-节日通用-阶段宝箱	new_progress	[{"asset":{"typ":"item","id":111111120,"val":1},"setting":{"serial_number":5,"ishighlight":false}}]	{}	292000	0	1	[]	NULL	[]	[]	{}	[]	0
	212101227	掉落转付费-节日通用-阶段宝箱	new_progress	[{"asset":{"typ":"item","id":111111120,"val":1},"setting":{"serial_number":5,"ishighlight":false}}]	{}	296000	0	1	[]	NULL	[]	[]	{}	[]	0
	212101228	掉落转付费-节日通用-阶段宝箱	new_progress	[{"asset":{"typ":"item","id":111111120,"val":1},"setting":{"serial_number":5,"ishighlight":false}}]	{}	300000	0	1	[]	NULL	[]	[]	{}	[]	0
	212101229	掉落转付费-节日通用-阶段宝箱	new_progress	[{"asset":{"typ":"item","id":111111120,"val":1},"setting":{"serial_number":5,"ishighlight":false}}]	{}	304000	0	1	[]	NULL	[]	[]	{}	[]	0
	212101230	掉落转付费-节日通用-阶段宝箱	new_progress	[{"asset":{"typ":"item","id":111111120,"val":1},"setting":{"serial_number":5,"ishighlight":false}}]	{}	308000	0	1	[]	NULL	[]	[]	{}	[]	0
	212101231	掉落转付费-节日通用-阶段宝箱	new_progress	[{"asset":{"typ":"item","id":111111120,"val":1},"setting":{"serial_number":5,"ishighlight":false}}]	{}	312000	0	1	[]	NULL	[]	[]	{}	[]	0
	212101232	掉落转付费-节日通用-阶段宝箱	new_progress	[{"asset":{"typ":"item","id":111111120,"val":1},"setting":{"serial_number":5,"ishighlight":false}}]	{}	316000	0	1	[]	NULL	[]	[]	{}	[]	0
	212101233	掉落转付费-节日通用-阶段宝箱	new_progress	[{"asset":{"typ":"item","id":111111120,"val":1},"setting":{"serial_number":5,"ishighlight":false}}]	{}	320000	0	1	[]	NULL	[]	[]	{}	[]	0
	212101234	掉落转付费-节日通用-阶段宝箱	new_progress	[{"asset":{"typ":"item","id":111111120,"val":1},"setting":{"serial_number":5,"ishighlight":false}}]	{}	324000	0	1	[]	NULL	[]	[]	{}	[]	0
	212101235	掉落转付费-节日通用-阶段宝箱	new_progress	[{"asset":{"typ":"item","id":111111120,"val":1},"setting":{"serial_number":5,"ishighlight":false}}]	{}	328000	0	1	[]	NULL	[]	[]	{}	[]	0
	212101236	掉落转付费-节日通用-阶段宝箱	new_progress	[{"asset":{"typ":"item","id":111111120,"val":1},"setting":{"serial_number":5,"ishighlight":false}}]	{}	332000	0	1	[]	NULL	[]	[]	{}	[]	0
	212101237	掉落转付费-节日通用-阶段宝箱	new_progress	[{"asset":{"typ":"item","id":111111120,"val":1},"setting":{"serial_number":5,"ishighlight":false}}]	{}	336000	0	1	[]	NULL	[]	[]	{}	[]	0
	212101238	掉落转付费-节日通用-阶段宝箱	new_progress	[{"asset":{"typ":"item","id":111111120,"val":1},"setting":{"serial_number":5,"ishighlight":false}}]	{}	340000	0	1	[]	NULL	[]	[]	{}	[]	0
	212101239	掉落转付费-节日通用-阶段宝箱	new_progress	[{"asset":{"typ":"item","id":111111120,"val":1},"setting":{"serial_number":5,"ishighlight":false}}]	{}	344000	0	1	[]	NULL	[]	[]	{}	[]	0
	212101240	掉落转付费-节日通用-阶段宝箱	new_progress	[{"asset":{"typ":"item","id":111111120,"val":1},"setting":{"serial_number":5,"ishighlight":false}}]	{}	348000	0	1	[]	NULL	[]	[]	{}	[]	0
	212101241	掉落转付费-节日通用-阶段宝箱	new_progress	[{"asset":{"typ":"item","id":111111120,"val":1},"setting":{"serial_number":5,"ishighlight":false}}]	{}	352000	0	1	[]	NULL	[]	[]	{}	[]	0
	212101242	掉落转付费-节日通用-阶段宝箱	new_progress	[{"asset":{"typ":"item","id":111111120,"val":1},"setting":{"serial_number":5,"ishighlight":false}}]	{}	356000	0	1	[]	NULL	[]	[]	{}	[]	0
	212101243	掉落转付费-节日通用-阶段宝箱	new_progress	[{"asset":{"typ":"item","id":111111120,"val":1},"setting":{"serial_number":5,"ishighlight":false}}]	{}	360000	0	1	[]	NULL	[]	[]	{}	[]	0
	212101244	掉落转付费-节日通用-阶段宝箱	new_progress	[{"asset":{"typ":"item","id":111111120,"val":1},"setting":{"serial_number":5,"ishighlight":false}}]	{}	364000	0	1	[]	NULL	[]	[]	{}	[]	0
	212101245	掉落转付费-节日通用-阶段宝箱	new_progress	[{"asset":{"typ":"item","id":111111120,"val":1},"setting":{"serial_number":5,"ishighlight":false}}]	{}	368000	0	1	[]	NULL	[]	[]	{}	[]	0
	212101246	掉落转付费-节日通用-阶段宝箱	new_progress	[{"asset":{"typ":"item","id":111111120,"val":1},"setting":{"serial_number":5,"ishighlight":false}}]	{}	372000	0	1	[]	NULL	[]	[]	{}	[]	0
	212101247	掉落转付费-节日通用-阶段宝箱	new_progress	[{"asset":{"typ":"item","id":111111120,"val":1},"setting":{"serial_number":5,"ishighlight":false}}]	{}	376000	0	1	[]	NULL	[]	[]	{}	[]	0
	212101248	掉落转付费-节日通用-阶段宝箱	new_progress	[{"asset":{"typ":"item","id":111111120,"val":1},"setting":{"serial_number":5,"ishighlight":false}}]	{}	380000	0	1	[]	NULL	[]	[]	{}	[]	0
	212101249	掉落转付费-节日通用-阶段宝箱	new_progress	[{"asset":{"typ":"item","id":111111120,"val":1},"setting":{"serial_number":5,"ishighlight":false}}]	{}	384000	0	1	[]	NULL	[]	[]	{}	[]	0
	212101250	掉落转付费-节日通用-阶段宝箱	new_progress	[{"asset":{"typ":"item","id":111111120,"val":1},"setting":{"serial_number":5,"ishighlight":false}}]	{}	388000	0	1	[]	NULL	[]	[]	{}	[]	0
	212101251	掉落转付费-节日通用-阶段宝箱	new_progress	[{"asset":{"typ":"item","id":111111120,"val":1},"setting":{"serial_number":5,"ishighlight":false}}]	{}	392000	0	1	[]	NULL	[]	[]	{}	[]	0
	212101252	掉落转付费-节日通用-阶段宝箱	new_progress	[{"asset":{"typ":"item","id":111111120,"val":1},"setting":{"serial_number":5,"ishighlight":false}}]	{}	396000	0	1	[]	NULL	[]	[]	{}	[]	0
	212101253	掉落转付费-节日通用-阶段宝箱	new_progress	[{"asset":{"typ":"item","id":111111120,"val":1},"setting":{"serial_number":5,"ishighlight":false}}]	{}	400000	0	1	[]	NULL	[]	[]	{}	[]	0
	212101254	掉落转付费-节日通用-阶段宝箱	new_progress	[{"asset":{"typ":"item","id":111111120,"val":1},"setting":{"serial_number":5,"ishighlight":false}}]	{}	404000	0	1	[]	NULL	[]	[]	{}	[]	0
	212101255	掉落转付费-节日通用-阶段宝箱	new_progress	[{"asset":{"typ":"item","id":111111120,"val":1},"setting":{"serial_number":5,"ishighlight":false}}]	{}	408000	0	1	[]	NULL	[]	[]	{}	[]	0
	212101256	掉落转付费-节日通用-阶段宝箱	new_progress	[{"asset":{"typ":"item","id":111111120,"val":1},"setting":{"serial_number":5,"ishighlight":false}}]	{}	412000	0	1	[]	NULL	[]	[]	{}	[]	0
	212101257	掉落转付费-节日通用-阶段宝箱	new_progress	[{"asset":{"typ":"item","id":111111120,"val":1},"setting":{"serial_number":5,"ishighlight":false}}]	{}	416000	0	1	[]	NULL	[]	[]	{}	[]	0
	212101258	掉落转付费-节日通用-阶段宝箱	new_progress	[{"asset":{"typ":"item","id":111111120,"val":1},"setting":{"serial_number":5,"ishighlight":false}}]	{}	420000	0	1	[]	NULL	[]	[]	{}	[]	0
	212101259	掉落转付费-节日通用-阶段宝箱	new_progress	[{"asset":{"typ":"item","id":111111120,"val":1},"setting":{"serial_number":5,"ishighlight":false}}]	{}	424000	0	1	[]	NULL	[]	[]	{}	[]	0
	212101260	掉落转付费-节日通用-阶段宝箱	new_progress	[{"asset":{"typ":"item","id":111111120,"val":1},"setting":{"serial_number":5,"ishighlight":false}}]	{}	428000	0	1	[]	NULL	[]	[]	{}	[]	0
	212101261	掉落转付费-节日通用-阶段宝箱	new_progress	[{"asset":{"typ":"item","id":111111120,"val":1},"setting":{"serial_number":5,"ishighlight":false}}]	{}	432000	0	1	[]	NULL	[]	[]	{}	[]	0
	212101262	掉落转付费-节日通用-阶段宝箱	new_progress	[{"asset":{"typ":"item","id":111111120,"val":1},"setting":{"serial_number":5,"ishighlight":false}}]	{}	436000	0	1	[]	NULL	[]	[]	{}	[]	0
	212101263	掉落转付费-节日通用-阶段宝箱	new_progress	[{"asset":{"typ":"item","id":111111120,"val":1},"setting":{"serial_number":5,"ishighlight":false}}]	{}	440000	0	1	[]	NULL	[]	[]	{}	[]	0
	212101264	掉落转付费-节日通用-阶段宝箱	new_progress	[{"asset":{"typ":"item","id":111111120,"val":1},"setting":{"serial_number":5,"ishighlight":false}}]	{}	444000	0	1	[]	NULL	[]	[]	{}	[]	0
	212101265	掉落转付费-节日通用-阶段宝箱	new_progress	[{"asset":{"typ":"item","id":111111120,"val":1},"setting":{"serial_number":5,"ishighlight":false}}]	{}	448000	0	1	[]	NULL	[]	[]	{}	[]	0
	212101266	掉落转付费-节日通用-阶段宝箱	new_progress	[{"asset":{"typ":"item","id":111111120,"val":1},"setting":{"serial_number":5,"ishighlight":false}}]	{}	452000	0	1	[]	NULL	[]	[]	{}	[]	0
	212101267	掉落转付费-节日通用-阶段宝箱	new_progress	[{"asset":{"typ":"item","id":111111120,"val":1},"setting":{"serial_number":5,"ishighlight":false}}]	{}	456000	0	1	[]	NULL	[]	[]	{}	[]	0
	212101268	掉落转付费-节日通用-阶段宝箱	new_progress	[{"asset":{"typ":"item","id":111111120,"val":1},"setting":{"serial_number":5,"ishighlight":false}}]	{}	460000	0	1	[]	NULL	[]	[]	{}	[]	0
	212101269	掉落转付费-节日通用-阶段宝箱	new_progress	[{"asset":{"typ":"item","id":111111120,"val":1},"setting":{"serial_number":5,"ishighlight":false}}]	{}	464000	0	1	[]	NULL	[]	[]	{}	[]	0
	212101270	掉落转付费-节日通用-阶段宝箱	new_progress	[{"asset":{"typ":"item","id":111111120,"val":1},"setting":{"serial_number":5,"ishighlight":false}}]	{}	468000	0	1	[]	NULL	[]	[]	{}	[]	0
	212101271	掉落转付费-节日通用-阶段宝箱	new_progress	[{"asset":{"typ":"item","id":111111120,"val":1},"setting":{"serial_number":5,"ishighlight":false}}]	{}	472000	0	1	[]	NULL	[]	[]	{}	[]	0
	212101272	掉落转付费-节日通用-阶段宝箱	new_progress	[{"asset":{"typ":"item","id":111111120,"val":1},"setting":{"serial_number":5,"ishighlight":false}}]	{}	476000	0	1	[]	NULL	[]	[]	{}	[]	0
	212101273	掉落转付费-节日通用-阶段宝箱	new_progress	[{"asset":{"typ":"item","id":111111120,"val":1},"setting":{"serial_number":5,"ishighlight":false}}]	{}	480000	0	1	[]	NULL	[]	[]	{}	[]	0
	212101274	掉落转付费-节日通用-阶段宝箱	new_progress	[{"asset":{"typ":"item","id":111111120,"val":1},"setting":{"serial_number":5,"ishighlight":false}}]	{}	484000	0	1	[]	NULL	[]	[]	{}	[]	0
	212101275	掉落转付费-节日通用-阶段宝箱	new_progress	[{"asset":{"typ":"item","id":111111120,"val":1},"setting":{"serial_number":5,"ishighlight":false}}]	{}	488000	0	1	[]	NULL	[]	[]	{}	[]	0
	212101276	掉落转付费-节日通用-阶段宝箱	new_progress	[{"asset":{"typ":"item","id":111111120,"val":1},"setting":{"serial_number":5,"ishighlight":false}}]	{}	492000	0	1	[]	NULL	[]	[]	{}	[]	0
	212101277	掉落转付费-节日通用-阶段宝箱	new_progress	[{"asset":{"typ":"item","id":111111120,"val":1},"setting":{"serial_number":5,"ishighlight":false}}]	{}	496000	0	1	[]	NULL	[]	[]	{}	[]	0
	212101278	掉落转付费-节日通用-阶段宝箱	new_progress	[{"asset":{"typ":"item","id":111111120,"val":1},"setting":{"serial_number":5,"ishighlight":false}}]	{}	500000	0	1	[]	NULL	[]	[]	{}	[]	0
	212101279	掉落转付费-节日通用-阶段宝箱	new_progress	[{"asset":{"typ":"item","id":111111120,"val":1},"setting":{"serial_number":5,"ishighlight":false}}]	{}	504000	0	1	[]	NULL	[]	[]	{}	[]	0
	212101280	掉落转付费-节日通用-阶段宝箱	new_progress	[{"asset":{"typ":"item","id":111111120,"val":1},"setting":{"serial_number":5,"ishighlight":false}}]	{}	508000	0	1	[]	NULL	[]	[]	{}	[]	0
	212101281	掉落转付费-节日通用-阶段宝箱	new_progress	[{"asset":{"typ":"item","id":111111120,"val":1},"setting":{"serial_number":5,"ishighlight":false}}]	{}	512000	0	1	[]	NULL	[]	[]	{}	[]	0
	212101282	掉落转付费-节日通用-阶段宝箱	new_progress	[{"asset":{"typ":"item","id":111111120,"val":1},"setting":{"serial_number":5,"ishighlight":false}}]	{}	516000	0	1	[]	NULL	[]	[]	{}	[]	0
	212101283	掉落转付费-节日通用-阶段宝箱	new_progress	[{"asset":{"typ":"item","id":111111120,"val":1},"setting":{"serial_number":5,"ishighlight":false}}]	{}	520000	0	1	[]	NULL	[]	[]	{}	[]	0
	212101284	掉落转付费-节日通用-阶段宝箱	new_progress	[{"asset":{"typ":"item","id":111111120,"val":1},"setting":{"serial_number":5,"ishighlight":false}}]	{}	524000	0	1	[]	NULL	[]	[]	{}	[]	0
	212101285	掉落转付费-节日通用-阶段宝箱	new_progress	[{"asset":{"typ":"item","id":111111120,"val":1},"setting":{"serial_number":5,"ishighlight":false}}]	{}	528000	0	1	[]	NULL	[]	[]	{}	[]	0
	212101286	掉落转付费-节日通用-阶段宝箱	new_progress	[{"asset":{"typ":"item","id":111111120,"val":1},"setting":{"serial_number":5,"ishighlight":false}}]	{}	532000	0	1	[]	NULL	[]	[]	{}	[]	0
	212101287	掉落转付费-节日通用-阶段宝箱	new_progress	[{"asset":{"typ":"item","id":111111120,"val":1},"setting":{"serial_number":5,"ishighlight":false}}]	{}	536000	0	1	[]	NULL	[]	[]	{}	[]	0
	212101288	掉落转付费-节日通用-阶段宝箱	new_progress	[{"asset":{"typ":"item","id":111111120,"val":1},"setting":{"serial_number":5,"ishighlight":false}}]	{}	540000	0	1	[]	NULL	[]	[]	{}	[]	0
	212101289	掉落转付费-节日通用-阶段宝箱	new_progress	[{"asset":{"typ":"item","id":111111120,"val":1},"setting":{"serial_number":5,"ishighlight":false}}]	{}	544000	0	1	[]	NULL	[]	[]	{}	[]	0
	212101290	掉落转付费-节日通用-阶段宝箱	new_progress	[{"asset":{"typ":"item","id":111111120,"val":1},"setting":{"serial_number":5,"ishighlight":false}}]	{}	548000	0	1	[]	NULL	[]	[]	{}	[]	0
	212101291	掉落转付费-节日通用-阶段宝箱	new_progress	[{"asset":{"typ":"item","id":111111120,"val":1},"setting":{"serial_number":5,"ishighlight":false}}]	{}	552000	0	1	[]	NULL	[]	[]	{}	[]	0
	212101292	掉落转付费-节日通用-阶段宝箱	new_progress	[{"asset":{"typ":"item","id":111111120,"val":1},"setting":{"serial_number":5,"ishighlight":false}}]	{}	556000	0	1	[]	NULL	[]	[]	{}	[]	0
	212101293	掉落转付费-节日通用-阶段宝箱	new_progress	[{"asset":{"typ":"item","id":111111120,"val":1},"setting":{"serial_number":5,"ishighlight":false}}]	{}	560000	0	1	[]	NULL	[]	[]	{}	[]	0
	212101294	掉落转付费-节日通用-阶段宝箱	new_progress	[{"asset":{"typ":"item","id":111111120,"val":1},"setting":{"serial_number":5,"ishighlight":false}}]	{}	564000	0	1	[]	NULL	[]	[]	{}	[]	0
	212101295	掉落转付费-节日通用-阶段宝箱	new_progress	[{"asset":{"typ":"item","id":111111120,"val":1},"setting":{"serial_number":5,"ishighlight":false}}]	{}	568000	0	1	[]	NULL	[]	[]	{}	[]	0
	212101296	掉落转付费-节日通用-阶段宝箱	new_progress	[{"asset":{"typ":"item","id":111111120,"val":1},"setting":{"serial_number":5,"ishighlight":false}}]	{}	572000	0	1	[]	NULL	[]	[]	{}	[]	0
	212101297	掉落转付费-节日通用-阶段宝箱	new_progress	[{"asset":{"typ":"item","id":111111120,"val":1},"setting":{"serial_number":5,"ishighlight":false}}]	{}	576000	0	1	[]	NULL	[]	[]	{}	[]	0
	212101298	掉落转付费-节日通用-阶段宝箱	new_progress	[{"asset":{"typ":"item","id":111111120,"val":1},"setting":{"serial_number":5,"ishighlight":false}}]	{}	580000	0	1	[]	NULL	[]	[]	{}	[]	0
	212101299	掉落转付费-节日通用-阶段宝箱	new_progress	[{"asset":{"typ":"item","id":111111120,"val":1},"setting":{"serial_number":5,"ishighlight":false}}]	{}	584000	0	1	[]	NULL	[]	[]	{}	[]	0
	212101300	掉落转付费-节日通用-阶段宝箱	new_progress	[{"asset":{"typ":"item","id":111111120,"val":1},"setting":{"serial_number":5,"ishighlight":false}}]	{}	588000	0	1	[]	NULL	[]	[]	{}	[]	0
	212101301	掉落转付费-节日通用-阶段宝箱	new_progress	[{"asset":{"typ":"item","id":111111120,"val":1},"setting":{"serial_number":5,"ishighlight":false}}]	{}	592000	0	1	[]	NULL	[]	[]	{}	[]	0
	212101302	掉落转付费-节日通用-阶段宝箱	new_progress	[{"asset":{"typ":"item","id":111111120,"val":1},"setting":{"serial_number":5,"ishighlight":false}}]	{}	596000	0	1	[]	NULL	[]	[]	{}	[]	0
	212101303	掉落转付费-节日通用-阶段宝箱	new_progress	[{"asset":{"typ":"item","id":111111120,"val":1},"setting":{"serial_number":5,"ishighlight":false}}]	{}	600000	0	1	[]	NULL	[]	[]	{}	[]	0
	212101304	掉落转付费-节日通用-阶段宝箱	new_progress	[{"asset":{"typ":"item","id":111111120,"val":1},"setting":{"serial_number":5,"ishighlight":false}}]	{}	604000	0	1	[]	NULL	[]	[]	{}	[]	0
	212101305	掉落转付费-节日通用-阶段宝箱	new_progress	[{"asset":{"typ":"item","id":111111120,"val":1},"setting":{"serial_number":5,"ishighlight":false}}]	{}	608000	0	1	[]	NULL	[]	[]	{}	[]	0
	212101306	掉落转付费-节日通用-阶段宝箱	new_progress	[{"asset":{"typ":"item","id":111111120,"val":1},"setting":{"serial_number":5,"ishighlight":false}}]	{}	612000	0	1	[]	NULL	[]	[]	{}	[]	0
	212101307	掉落转付费-节日通用-阶段宝箱	new_progress	[{"asset":{"typ":"item","id":111111120,"val":1},"setting":{"serial_number":5,"ishighlight":false}}]	{}	616000	0	1	[]	NULL	[]	[]	{}	[]	0
	212101308	掉落转付费-节日通用-阶段宝箱	new_progress	[{"asset":{"typ":"item","id":111111120,"val":1},"setting":{"serial_number":5,"ishighlight":false}}]	{}	620000	0	1	[]	NULL	[]	[]	{}	[]	0
	212101309	掉落转付费-节日通用-阶段宝箱	new_progress	[{"asset":{"typ":"item","id":111111120,"val":1},"setting":{"serial_number":5,"ishighlight":false}}]	{}	624000	0	1	[]	NULL	[]	[]	{}	[]	0
	212101310	掉落转付费-节日通用-阶段宝箱	new_progress	[{"asset":{"typ":"item","id":111111120,"val":1},"setting":{"serial_number":5,"ishighlight":false}}]	{}	628000	0	1	[]	NULL	[]	[]	{}	[]	0
	212101311	掉落转付费-节日通用-阶段宝箱	new_progress	[{"asset":{"typ":"item","id":111111120,"val":1},"setting":{"serial_number":5,"ishighlight":false}}]	{}	632000	0	1	[]	NULL	[]	[]	{}	[]	0
	212101312	掉落转付费-节日通用-阶段宝箱	new_progress	[{"asset":{"typ":"item","id":111111120,"val":1},"setting":{"serial_number":5,"ishighlight":false}}]	{}	636000	0	1	[]	NULL	[]	[]	{}	[]	0
	212101313	掉落转付费-节日通用-阶段宝箱	new_progress	[{"asset":{"typ":"item","id":111111120,"val":1},"setting":{"serial_number":5,"ishighlight":false}}]	{}	640000	0	1	[]	NULL	[]	[]	{}	[]	0
	212101314	掉落转付费-节日通用-阶段宝箱	new_progress	[{"asset":{"typ":"item","id":111111120,"val":1},"setting":{"serial_number":5,"ishighlight":false}}]	{}	644000	0	1	[]	NULL	[]	[]	{}	[]	0
	212101315	掉落转付费-节日通用-阶段宝箱	new_progress	[{"asset":{"typ":"item","id":111111120,"val":1},"setting":{"serial_number":5,"ishighlight":false}}]	{}	648000	0	1	[]	NULL	[]	[]	{}	[]	0
	212101316	掉落转付费-节日通用-阶段宝箱	new_progress	[{"asset":{"typ":"item","id":111111120,"val":1},"setting":{"serial_number":5,"ishighlight":false}}]	{}	652000	0	1	[]	NULL	[]	[]	{}	[]	0
	212101317	掉落转付费-节日通用-阶段宝箱	new_progress	[{"asset":{"typ":"item","id":111111120,"val":1},"setting":{"serial_number":5,"ishighlight":false}}]	{}	656000	0	1	[]	NULL	[]	[]	{}	[]	0
	212101318	掉落转付费-节日通用-阶段宝箱	new_progress	[{"asset":{"typ":"item","id":111111120,"val":1},"setting":{"serial_number":5,"ishighlight":false}}]	{}	660000	0	1	[]	NULL	[]	[]	{}	[]	0
	212101319	掉落转付费-节日通用-阶段宝箱	new_progress	[{"asset":{"typ":"item","id":111111120,"val":1},"setting":{"serial_number":5,"ishighlight":false}}]	{}	664000	0	1	[]	NULL	[]	[]	{}	[]	0
	212101320	掉落转付费-节日通用-阶段宝箱	new_progress	[{"asset":{"typ":"item","id":111111120,"val":1},"setting":{"serial_number":5,"ishighlight":false}}]	{}	668000	0	1	[]	NULL	[]	[]	{}	[]	0
	212101321	掉落转付费-节日通用-阶段宝箱	new_progress	[{"asset":{"typ":"item","id":111111120,"val":1},"setting":{"serial_number":5,"ishighlight":false}}]	{}	672000	0	1	[]	NULL	[]	[]	{}	[]	0
	212101322	掉落转付费-节日通用-阶段宝箱	new_progress	[{"asset":{"typ":"item","id":111111120,"val":1},"setting":{"serial_number":5,"ishighlight":false}}]	{}	676000	0	1	[]	NULL	[]	[]	{}	[]	0
	212101323	掉落转付费-节日通用-阶段宝箱	new_progress	[{"asset":{"typ":"item","id":111111120,"val":1},"setting":{"serial_number":5,"ishighlight":false}}]	{}	680000	0	1	[]	NULL	[]	[]	{}	[]	0
	212101324	掉落转付费-节日通用-阶段宝箱	new_progress	[{"asset":{"typ":"item","id":111111120,"val":1},"setting":{"serial_number":5,"ishighlight":false}}]	{}	684000	0	1	[]	NULL	[]	[]	{}	[]	0
	212101325	掉落转付费-节日通用-阶段宝箱	new_progress	[{"asset":{"typ":"item","id":111111120,"val":1},"setting":{"serial_number":5,"ishighlight":false}}]	{}	688000	0	1	[]	NULL	[]	[]	{}	[]	0
	212101326	掉落转付费-节日通用-阶段宝箱	new_progress	[{"asset":{"typ":"item","id":111111120,"val":1},"setting":{"serial_number":5,"ishighlight":false}}]	{}	692000	0	1	[]	NULL	[]	[]	{}	[]	0
	212101327	掉落转付费-节日通用-阶段宝箱	new_progress	[{"asset":{"typ":"item","id":111111120,"val":1},"setting":{"serial_number":5,"ishighlight":false}}]	{}	696000	0	1	[]	NULL	[]	[]	{}	[]	0
	212101328	掉落转付费-节日通用-阶段宝箱	new_progress	[{"asset":{"typ":"item","id":111111120,"val":1},"setting":{"serial_number":5,"ishighlight":false}}]	{}	700000	0	1	[]	NULL	[]	[]	{}	[]	0
	212101329	掉落转付费-节日通用-阶段宝箱	new_progress	[{"asset":{"typ":"item","id":111111120,"val":1},"setting":{"serial_number":5,"ishighlight":false}}]	{}	704000	0	1	[]	NULL	[]	[]	{}	[]	0
	212101330	掉落转付费-节日通用-阶段宝箱	new_progress	[{"asset":{"typ":"item","id":111111120,"val":1},"setting":{"serial_number":5,"ishighlight":false}}]	{}	708000	0	1	[]	NULL	[]	[]	{}	[]	0
	212101331	掉落转付费-节日通用-阶段宝箱	new_progress	[{"asset":{"typ":"item","id":111111120,"val":1},"setting":{"serial_number":5,"ishighlight":false}}]	{}	712000	0	1	[]	NULL	[]	[]	{}	[]	0
	212101332	掉落转付费-节日通用-阶段宝箱	new_progress	[{"asset":{"typ":"item","id":111111120,"val":1},"setting":{"serial_number":5,"ishighlight":false}}]	{}	716000	0	1	[]	NULL	[]	[]	{}	[]	0
	212101333	掉落转付费-节日通用-阶段宝箱	new_progress	[{"asset":{"typ":"item","id":111111120,"val":1},"setting":{"serial_number":5,"ishighlight":false}}]	{}	720000	0	1	[]	NULL	[]	[]	{}	[]	0
	212101334	掉落转付费关联活动（客户端取数据用）	actv_links	[]	{"args":[{"typ":"drop","id":21127369},{"typ":"drop_pkg","id":21127370}]}	0	0	0	[]	NULL	[]	[]	{}	[]	0
	212101335	掉落转付费-通用-奖励展示-拓荒节	drop_topay_show	[{"asset":{"typ":"item","id":11116304,"val":1},"setting":{"serial_number":5,"ishighlight":false}},{"asset":{"typ":"item","id":11111048,"val":1},"setting":{"serial_number":5,"ishighlight":false}},{"asset":{"typ":"item","id":111111315,"val":1},"setting":{"serial_number":5,"ishighlight":false}}]	{}	0	0	0	[]	NULL	[]	[]	{}	[]	0
