,英语-en,简体中文-cn,繁体中文-zh,法语-fr,德语-de,俄语-ru,日语-jp,韩语-kr,西班牙语-sp,印度尼西亚语-id,泰语-th,阿拉伯语-ar,罗马尼亚语-ro,荷兰语-nl,土耳其语-tr,葡萄牙语-po,意大利语-it,越南语-vi,波斯语-fa,波兰语-pls
标题,Pioneer Festival Is Coming Soon!,拓荒节活动即将上线！,拓荒節活動即將上線！,Le Festival des Pionniers arrive bientôt !,Das Pionier-Fest startet bald!,Скоро начнётся Фестиваль первопроходцев!,開拓祭イベントまもなく開催！,개척 축제 이벤트가 곧 시작됩니다!,¡El Festival de los Pioneros llega pronto!,Festival Pionir Segera Hadir!,เทศกาลผู้บุกเบิกกำลังจะมาถึง!,مهرجان الروّاد قادم قريبًا!,Festivalul Pionierilor sosește în curând!,Het Pioniersfestival komt eraan!,Öncü Festivali çok yakında başlıyor!,O Festival dos Pioneiros está chegando!,Il Festival dei Pionieri sta per iniziare!,Lễ hội Khai Hoang sắp ra mắt!,جشنواره پیشگامان به‌زودی آغاز می‌شود!,Festiwal Pionierów już wkrótce!
内容,"Dear Players,

To bring you an even better game experience, the Pioneer Festival will go live on <color=#ffa200>June 12, 2026 (UTC)</color>.

[Pioneer Festival Highlights]

Strike gold in the wilderness! Five new limited-time events — Roaming Adventure, Pioneer City, Pioneer Mine, Lucky Ball, and Flash Sale — plus more events waiting for you!

Roaming Adventure: Roll the dice, flip tiles along the way to claim rewards, and unlock rarer treasures the further you go!
Pioneer City: Draw to win great prizes! Get a guaranteed ""Rainbow Star"" every 12 draws, and light up Pioneer City for extra grand rewards!
Pioneer Mine: Send workers to mine the grids, collect resources and items as you dig, and watch your mining town grow!
Lucky Ball: Gacha with Normal and Premium prize pools — single or 5x draws, and upgrade your rewards for even richer payouts!
Flash Sale: Limited-time packs arrive in waves! Share to boost your bonus — limited stock, first come, first served!

Miss it and you'll wait a whole year — join the Pioneer Festival now!

Thank you for your support and feedback! We will keep working hard to bring you a better game experience.

We will continue to fix issues and bring you more new content. Stay tuned!

Shop & Goblin Studio","亲爱的玩家：

为了给大家带来更好的游戏体验，我们即将在<color=#ffa200>UTC时间2026年06月12日</color>上线拓荒节活动。

【拓荒节活动上线内容】

荒野淘金礼不停！大冒险、抽奖、挖矿、转球、抢购五大新活动限时上线，还有其他活动等你来参加！

拓荒大冒险：掷子前进翻格子，沿途奖励拿不停，逐段解锁更深处的稀有宝藏！
拓荒之城：抽奖赢豪礼，连抽12次必得「彩虹星」，点亮拓荒之城再得额外大奖！
拓荒矿场：派遣工人开采矿格，随进度掉落资源与道具，矿镇越扩越大！
幸运转球：普通、高级双奖池扭蛋，单抽五连任你选，升级奖励产出更丰厚！
节日抢购：限时礼包分批上架，分享助力提升加成，限量好货先到先得！

错过等一年，快来加入拓荒节！

感谢各位玩家的支持与反馈！我们会继续努力，带来更好的游戏体验。

我们将继续修复游戏中的一些问题，同时给大家带来更多的新内容。敬请期待！

Shop & Goblin 工作室","親愛的玩家：

為了給大家帶來更好的遊戲體驗，我們即將在<color=#ffa200>UTC時間2026年06月12日</color>上線拓荒節活動。

【拓荒節活動上線內容】

荒野淘金禮不停！大冒險、抽獎、挖礦、轉球、搶購五大新活動限時上線，還有其他活動等你來參加！

拓荒大冒險：擲子前進翻格子，沿途獎勵拿不停，逐段解鎖更深處的稀有寶藏！
拓荒之城：抽獎贏豪禮，連抽12次必得「彩虹星」，點亮拓荒之城再得額外大獎！
拓荒礦場：派遣工人開採礦格，隨進度掉落資源與道具，礦鎮越擴越大！
幸運轉球：普通、高級雙獎池扭蛋，單抽五連任你選，升級獎勵產出更豐厚！
節日搶購：限時禮包分批上架，分享助力提升加成，限量好貨先到先得！

錯過等一年，快來加入拓荒節！

感謝各位玩家的支持與回饋！我們會繼續努力，帶來更好的遊戲體驗。

我們將繼續修復遊戲中的一些問題，同時給大家帶來更多的新內容。敬請期待！

Shop & Goblin 工作室","Chers joueurs,

Afin de vous offrir une meilleure expérience de jeu, le Festival des Pionniers sera lancé le <color=#ffa200>12 juin 2026 (UTC)</color>.

[Contenu du Festival des Pionniers]

La ruée vers l'or commence ! Cinq nouveaux événements à durée limitée — Grande Aventure, Cité des Pionniers, Mine des Pionniers, Boule de la Chance et Vente Flash — et bien d'autres événements vous attendent !

Grande Aventure : lancez les dés, retournez les cases sur votre chemin pour récolter des récompenses et débloquez des trésors toujours plus rares !
Cité des Pionniers : tirez au sort et gagnez de superbes prix ! Une « Étoile Arc-en-ciel » garantie toutes les 12 tirages, et illuminez la Cité des Pionniers pour des récompenses supplémentaires !
Mine des Pionniers : envoyez vos ouvriers extraire les minerais, récoltez ressources et objets au fil de l'avancée, et regardez votre ville minière s'agrandir !
Boule de la Chance : gacha à double cagnotte (normale et premium) — tirage simple ou x5, améliorez vos récompenses pour des gains encore plus riches !
Vente Flash : des packs à durée limitée par vagues ! Partagez pour augmenter votre bonus — stock limité, premier arrivé, premier servi !

Ne le manquez pas, il n'a lieu qu'une fois par an. Rejoignez vite le Festival des Pionniers !

Merci pour votre soutien et vos retours ! Nous continuerons à travailler dur pour vous offrir une meilleure expérience de jeu.

Nous continuerons à corriger les problèmes du jeu et à vous apporter de nouveaux contenus. Restez à l'écoute !

Le studio Shop & Goblin","Liebe Spieler,

um euch ein noch besseres Spielerlebnis zu bieten, startet am <color=#ffa200>12. Juni 2026 (UTC)</color> das Pionier-Fest.

[Inhalte des Pionier-Fests]

Goldrausch in der Wildnis! Fünf neue zeitlich begrenzte Events — Großes Abenteuer, Pionierstadt, Pioniermine, Glücksball und Blitzverkauf — und weitere Events warten auf euch!

Großes Abenteuer: Würfelt, deckt Felder auf eurem Weg auf, um Belohnungen zu erhalten, und schaltet immer seltenere Schätze frei!
Pionierstadt: Zieht und gewinnt tolle Preise! Alle 12 Züge ist ein „Regenbogenstern"" garantiert — erleuchtet die Pionierstadt für zusätzliche Belohnungen!
Pioniermine: Schickt Arbeiter zum Abbau der Felder, sammelt Ressourcen und Gegenstände und seht zu, wie eure Minenstadt wächst!
Glücksball: Gacha mit normalem und Premium-Preispool — Einzel- oder 5er-Ziehung, verbessert eure Belohnungen für noch reichere Erträge!
Blitzverkauf: Zeitlich begrenzte Pakete in mehreren Wellen! Teilt, um euren Bonus zu erhöhen — begrenzter Vorrat, wer zuerst kommt, mahlt zuerst!

Verpasst es nicht — es findet nur einmal im Jahr statt. Macht jetzt beim Pionier-Fest mit!

Vielen Dank für eure Unterstützung und euer Feedback! Wir arbeiten weiter hart daran, euch ein besseres Spielerlebnis zu bieten.

Wir werden weiterhin Probleme im Spiel beheben und euch neue Inhalte bringen. Bleibt gespannt!

Shop & Goblin Studio","Дорогие игроки!

Чтобы сделать игру ещё лучше, <color=#ffa200>12 июня 2026 года (UTC)</color> мы запускаем Фестиваль первопроходцев.

[Содержание Фестиваля первопроходцев]

Золотая лихорадка в диких землях! Пять новых временных событий — Большое приключение, Город первопроходцев, Шахта первопроходцев, Шар удачи и Молниеносная распродажа — а также другие события ждут вас!

Большое приключение: бросайте кубик, открывайте клетки по пути, получайте награды и открывайте всё более редкие сокровища!
Город первопроходцев: испытайте удачу в розыгрыше! Гарантированная «Радужная звезда» за каждые 12 попыток — зажгите Город первопроходцев и получите дополнительные награды!
Шахта первопроходцев: отправляйте рабочих добывать руду, получайте ресурсы и предметы по мере добычи — шахтёрский городок будет расти!
Шар удачи: гача с обычным и премиум-призовыми фондами — одиночная попытка или серия из 5, улучшайте награды и получайте ещё больше!
Молниеносная распродажа: ограниченные наборы выходят волнами! Делитесь, чтобы увеличить бонус — количество ограничено, кто успел, тот и взял!

Не пропустите — такое бывает лишь раз в году. Присоединяйтесь к Фестивалю первопроходцев!

Спасибо за вашу поддержку и отзывы! Мы продолжим работать, чтобы игра становилась лучше.

Мы продолжим исправлять ошибки и добавлять новый контент. Следите за новостями!

Студия Shop & Goblin","親愛なるプレイヤーの皆様

より良いゲーム体験をお届けするため、<color=#ffa200>UTC時間2026年6月12日</color>より開拓祭イベントを開催いたします。

【開拓祭イベント内容】

荒野でゴールドラッシュ！大冒険・ガチャ・採掘・ラッキーボール・タイムセールの5つの新イベントが期間限定で登場！その他のイベントも盛りだくさん！

開拓大冒険：サイコロを振って進み、マスをめくって報酬をゲット、進むほどレアなお宝をアンロック！
開拓の街：ガチャで豪華賞品をゲット！12連で「レインボースター」確定、開拓の街を灯せばさらに追加報酬！
開拓鉱山：労働者を派遣して採掘、進行に応じて資源やアイテムを獲得、鉱山町はどんどん拡大！
ラッキーボール：通常・プレミアムのダブル賞品プールのガチャ——単発も5連も自由自在、報酬をアップグレードしてさらに豪華に！
タイムセール：限定パックが続々登場！シェアでボーナスアップ——数量限定、早い者勝ち！

見逃せば来年まで。今すぐ開拓祭に参加しよう！

いつも応援とフィードバックをありがとうございます！より良いゲーム体験をお届けできるよう、引き続き努力してまいります。

今後も不具合の修正を続けるとともに、新しいコンテンツをお届けしてまいります。どうぞお楽しみに！

Shop & Goblin スタジオ","친애하는 플레이어 여러분,

더 나은 게임 경험을 제공하기 위해 <color=#ffa200>UTC 기준 2026년 6월 12일</color>에 개척 축제 이벤트를 오픈합니다.

[개척 축제 이벤트 내용]

황야에서 골드러시! 대모험·뽑기·채굴·럭키볼·플래시 세일 5대 신규 이벤트가 기간 한정으로 찾아옵니다. 그 외 다양한 이벤트도 준비되어 있습니다!

개척 대모험: 주사위를 굴려 전진하고 칸을 뒤집어 보상 획득, 깊이 들어갈수록 희귀 보물 해금!
개척 도시: 뽑기로 푸짐한 보상 획득! 12회 연속 뽑기 시 '무지개 별' 확정, 개척 도시를 밝히면 추가 보상까지!
개척 광산: 일꾼을 파견해 광산을 채굴, 진행도에 따라 자원과 아이템 획득, 광산 마을은 점점 커집니다!
럭키볼: 일반·고급 더블 보상 풀 가챠 — 단일 뽑기와 5연속 뽑기 자유 선택, 보상 업그레이드로 더 풍성하게!
플래시 세일: 한정 패키지가 차례로 등장! 공유하면 보너스 상승 — 수량 한정, 선착순!

놓치면 1년을 기다려야 합니다. 지금 바로 개척 축제에 참여하세요!

여러분의 성원과 피드백에 감사드립니다! 더 나은 게임 경험을 위해 계속 노력하겠습니다.

앞으로도 게임 내 문제를 수정하고 더 많은 신규 콘텐츠를 선보이겠습니다. 많은 기대 부탁드립니다!

Shop & Goblin 스튜디오","Queridos jugadores:

Para ofreceros una mejor experiencia de juego, el <color=#ffa200>12 de junio de 2026 (UTC)</color> se lanzará el Festival de los Pioneros.

[Contenido del Festival de los Pioneros]

¡Fiebre del oro en tierras salvajes! Cinco nuevos eventos por tiempo limitado — Gran Aventura, Ciudad de los Pioneros, Mina de los Pioneros, Bola de la Suerte y Venta Flash — ¡y muchos más eventos te esperan!

Gran Aventura: ¡lanza los dados, voltea casillas en el camino para conseguir recompensas y desbloquea tesoros cada vez más raros!
Ciudad de los Pioneros: ¡sortea y gana grandes premios! ""Estrella Arcoíris"" garantizada cada 12 tiradas, ¡e ilumina la Ciudad de los Pioneros para premios extra!
Mina de los Pioneros: ¡envía trabajadores a excavar, consigue recursos y objetos a medida que avanzas y observa crecer tu pueblo minero!
Bola de la Suerte: gacha con pozos de premios normal y prémium — tirada única o x5, ¡mejora las recompensas para obtener aún más!
Venta Flash: ¡packs por tiempo limitado en tandas! Comparte para aumentar tu bono — stock limitado, ¡el primero en llegar se lo lleva!

No te lo pierdas, solo ocurre una vez al año. ¡Únete ya al Festival de los Pioneros!

¡Gracias por vuestro apoyo y comentarios! Seguiremos esforzándonos para ofreceros una mejor experiencia de juego.

Seguiremos corrigiendo problemas del juego y trayendo más contenido nuevo. ¡Permaneced atentos!

Estudio Shop & Goblin","Pemain yang terhormat,

Untuk memberikan pengalaman bermain yang lebih baik, event Festival Pionir akan hadir pada <color=#ffa200>12 Juni 2026 (UTC)</color>.

[Konten Event Festival Pionir]

Demam emas di alam liar! Lima event baru terbatas waktu — Petualangan Besar, Kota Pionir, Tambang Pionir, Bola Keberuntungan, dan Flash Sale — serta event lainnya menantimu!

Petualangan Besar: lempar dadu untuk maju, balik petak di sepanjang jalan untuk meraih hadiah, dan buka harta karun yang semakin langka!
Kota Pionir: undi dan menangkan hadiah besar! ""Bintang Pelangi"" dijamin setiap 12 undian, terangi Kota Pionir untuk hadiah ekstra!
Tambang Pionir: kirim pekerja untuk menambang, kumpulkan sumber daya dan item seiring kemajuan, dan saksikan kota tambangmu berkembang!
Bola Keberuntungan: gacha dengan pool hadiah Normal dan Premium — undian tunggal atau 5x, tingkatkan hadiah untuk hasil lebih melimpah!
Flash Sale: paket terbatas hadir bergelombang! Bagikan untuk meningkatkan bonus — stok terbatas, siapa cepat dia dapat!

Jangan sampai ketinggalan — hanya setahun sekali. Ayo bergabung di Festival Pionir!

Terima kasih atas dukungan dan masukan kalian! Kami akan terus berusaha menghadirkan pengalaman bermain yang lebih baik.

Kami akan terus memperbaiki masalah dalam game dan menghadirkan lebih banyak konten baru. Nantikan!

Studio Shop & Goblin","เรียนผู้เล่นทุกท่าน

เพื่อมอบประสบการณ์การเล่นเกมที่ดียิ่งขึ้น กิจกรรมเทศกาลผู้บุกเบิกจะเปิดให้เล่นในวันที่ <color=#ffa200>12 มิถุนายน 2026 (UTC)</color>

[เนื้อหากิจกรรมเทศกาลผู้บุกเบิก]

ขุดทองในแดนเถื่อน! กิจกรรมใหม่จำกัดเวลา 5 รายการ — การผจญภัยครั้งใหญ่ เมืองผู้บุกเบิก เหมืองผู้บุกเบิก ลูกบอลนำโชค และเซลด่วน — พร้อมกิจกรรมอื่น ๆ รอคุณอยู่!

การผจญภัยครั้งใหญ่: ทอยลูกเต๋าเดินหน้า เปิดช่องรับรางวัลตลอดทาง ยิ่งไปไกลยิ่งปลดล็อกสมบัติหายาก!
เมืองผู้บุกเบิก: สุ่มรางวัลลุ้นของรางวัลใหญ่! สุ่มครบ 12 ครั้งการันตี ""ดาวสายรุ้ง"" จุดประกายเมืองผู้บุกเบิกรับรางวัลพิเศษเพิ่ม!
เหมืองผู้บุกเบิก: ส่งคนงานไปขุดเหมือง รับทรัพยากรและไอเทมตามความคืบหน้า เมืองเหมืองยิ่งขยายใหญ่ขึ้น!
ลูกบอลนำโชค: กาชาสองรางวัลแบบธรรมดาและพรีเมียม — สุ่มเดี่ยวหรือ 5 ครั้ง อัปเกรดรางวัลรับผลตอบแทนยิ่งคุ้ม!
เซลด่วน: แพ็กจำกัดเวลาวางขายเป็นรอบ แชร์เพื่อเพิ่มโบนัส — สินค้าจำนวนจำกัด มาก่อนได้ก่อน!

พลาดแล้วต้องรออีกปี รีบมาร่วมเทศกาลผู้บุกเบิกกันเถอะ!

ขอบคุณสำหรับการสนับสนุนและความคิดเห็นของผู้เล่นทุกท่าน! เราจะพยายามต่อไปเพื่อมอบประสบการณ์ที่ดียิ่งขึ้น

เราจะแก้ไขปัญหาในเกมและนำเสนอเนื้อหาใหม่ ๆ ต่อไป โปรดติดตาม!

สตูดิโอ Shop & Goblin","أعزاءنا اللاعبين،

لنقدّم لكم تجربة لعب أفضل، سنطلق فعاليات مهرجان الروّاد في <color=#ffa200>12 يونيو 2026 (بتوقيت UTC)</color>.

[محتوى فعاليات مهرجان الروّاد]

حمّى الذهب في البراري! خمس فعاليات جديدة لفترة محدودة — المغامرة الكبرى، مدينة الروّاد، منجم الروّاد، كرة الحظ، والبيع الخاطف — والمزيد من الفعاليات بانتظاركم!

المغامرة الكبرى: ارمِ النرد وتقدّم، واقلب الخانات في طريقك لتحصد المكافآت، وكلما تقدّمت أكثر فتحت كنوزًا أندر!
مدينة الروّاد: اسحب واربح جوائز قيّمة! ""نجمة قوس قزح"" مضمونة كل 12 سحبة، وأضئ مدينة الروّاد لتحصل على جوائز إضافية كبرى!
منجم الروّاد: أرسل العمال لاستخراج المعادن، واحصل على الموارد والأدوات مع تقدّم التعدين، وستتوسع بلدة المنجم أكثر فأكثر!
كرة الحظ: غاتشا بمجمعَي جوائز عادي ومميز — سحبة واحدة أو 5 سحبات كما تشاء، وطوّر المكافآت لتحصل على عوائد أوفر!
البيع الخاطف: حزم لفترة محدودة تُطرح على دفعات! شارك لزيادة المكافآت — الكمية محدودة، والأسبقية لمن يصل أولًا!

لا تفوّت الفرصة فهي لا تأتي إلا مرة في السنة، انضم إلى مهرجان الروّاد الآن!

شكرًا لدعمكم وملاحظاتكم! سنواصل العمل بجد لنقدّم لكم تجربة لعب أفضل.

سنواصل إصلاح مشكلات اللعبة وتقديم المزيد من المحتوى الجديد. ترقّبوا!

استوديو Shop & Goblin","Dragi jucători,

Pentru a vă oferi o experiență de joc și mai bună, pe <color=#ffa200>12 iunie 2026 (UTC)</color> va fi lansat Festivalul Pionierilor.

[Conținutul Festivalului Pionierilor]

Goana după aur în ținuturile sălbatice! Cinci evenimente noi pe timp limitat — Marea Aventură, Orașul Pionierilor, Mina Pionierilor, Bila Norocului și Vânzarea Fulger — plus alte evenimente vă așteaptă!

Marea Aventură: aruncați zarurile, întoarceți căsuțele pe drum pentru recompense și deblocați comori tot mai rare!
Orașul Pionierilor: extrageți și câștigați premii grozave! „Steaua Curcubeu"" garantată la fiecare 12 extrageri — luminați Orașul Pionierilor pentru recompense suplimentare!
Mina Pionierilor: trimiteți muncitorii să sape, obțineți resurse și obiecte pe măsură ce avansați, iar orășelul minier va crește!
Bila Norocului: gacha cu fond de premii normal și premium — extragere simplă sau x5, îmbunătățiți recompensele pentru câștiguri și mai bogate!
Vânzarea Fulger: pachete pe timp limitat în valuri! Distribuiți pentru a vă crește bonusul — stoc limitat, primul venit, primul servit!

Nu ratați — are loc doar o dată pe an. Alăturați-vă acum Festivalului Pionierilor!

Vă mulțumim pentru sprijin și feedback! Vom continua să muncim din greu pentru o experiență de joc mai bună.

Vom continua să remediem problemele din joc și să aducem conținut nou. Rămâneți pe aproape!

Studioul Shop & Goblin","Beste spelers,

Om jullie een nog betere spelervaring te bieden, gaat op <color=#ffa200>12 juni 2026 (UTC)</color> het Pioniersfestival van start.

[Inhoud van het Pioniersfestival]

Goudkoorts in de wildernis! Vijf nieuwe tijdelijke evenementen — Groot Avontuur, Pioniersstad, Pioniersmijn, Geluksbal en Flitsverkoop — en nog meer evenementen wachten op jullie!

Groot Avontuur: gooi de dobbelsteen, draai vakjes om onderweg voor beloningen en ontgrendel steeds zeldzamere schatten!
Pioniersstad: trek en win geweldige prijzen! Gegarandeerde ""Regenboogster"" elke 12 trekkingen — verlicht de Pioniersstad voor extra beloningen!
Pioniersmijn: stuur arbeiders om te mijnen, verzamel grondstoffen en items naarmate je vordert, en zie je mijnstadje groeien!
Geluksbal: gacha met een normale en premium prijzenpot — enkele of 5x trekking, upgrade je beloningen voor nog rijkere opbrengsten!
Flitsverkoop: tijdelijke pakketten in golven! Deel om je bonus te verhogen — beperkte voorraad, wie het eerst komt, het eerst maalt!

Mis het niet — het is er maar één keer per jaar. Doe nu mee aan het Pioniersfestival!

Bedankt voor jullie steun en feedback! We blijven hard werken aan een betere spelervaring.

We blijven problemen in het spel oplossen en nieuwe content brengen. Blijf op de hoogte!

Shop & Goblin Studio","Sevgili oyuncular,

Size daha iyi bir oyun deneyimi sunmak için <color=#ffa200>12 Haziran 2026 (UTC)</color> tarihinde Öncü Festivali etkinliği başlıyor.

[Öncü Festivali Etkinlik İçeriği]

Vahşi topraklarda altına hücum! Beş yeni süreli etkinlik — Büyük Macera, Öncü Şehri, Öncü Madeni, Şans Topu ve Flaş Satış — ve daha fazla etkinlik sizi bekliyor!

Büyük Macera: zar at, yol boyunca kareleri açarak ödüller kazan, ilerledikçe daha nadir hazinelerin kilidini aç!
Öncü Şehri: çekiliş yap, büyük ödüller kazan! Her 12 çekilişte garantili ""Gökkuşağı Yıldızı"" — Öncü Şehri'ni aydınlat, ekstra büyük ödüller kazan!
Öncü Madeni: işçiler gönderip madenleri kaz, ilerledikçe kaynak ve eşya topla — maden kasaban giderek büyüsün!
Şans Topu: normal ve premium ödül havuzlu gacha — tekli veya 5'li çekiliş, ödülleri yükselterek daha fazlasını kazan!
Flaş Satış: süreli paketler dalga dalga satışta! Paylaşarak bonusunu artır — stoklar sınırlı, önce gelen alır!

Kaçırırsan bir yıl beklersin — hemen Öncü Festivali'ne katıl!

Desteğiniz ve geri bildirimleriniz için teşekkürler! Daha iyi bir oyun deneyimi sunmak için çalışmaya devam edeceğiz.

Oyundaki sorunları düzeltmeye ve yeni içerikler sunmaya devam edeceğiz. Bizi takip edin!

Shop & Goblin Stüdyosu","Caros jogadores,

Para oferecer uma experiência de jogo ainda melhor, o Festival dos Pioneiros será lançado em <color=#ffa200>12 de junho de 2026 (UTC)</color>.

[Conteúdo do Festival dos Pioneiros]

Corrida do ouro nas terras selvagens! Cinco novos eventos por tempo limitado — Grande Aventura, Cidade dos Pioneiros, Mina dos Pioneiros, Bola da Sorte e Venda Relâmpago — e ainda mais eventos esperando por você!

Grande Aventura: role os dados, vire as casas pelo caminho para ganhar recompensas e desbloqueie tesouros cada vez mais raros!
Cidade dos Pioneiros: sorteie e ganhe grandes prêmios! ""Estrela Arco-íris"" garantida a cada 12 sorteios, e ilumine a Cidade dos Pioneiros para recompensas extras!
Mina dos Pioneiros: envie trabalhadores para minerar, colete recursos e itens conforme avança, e veja sua cidade mineira crescer!
Bola da Sorte: gacha com baús de prêmios normal e premium — sorteio único ou 5x, melhore as recompensas para ganhos ainda maiores!
Venda Relâmpago: pacotes por tempo limitado em várias ondas! Compartilhe para aumentar seu bônus — estoque limitado, por ordem de chegada!

Não perca — só acontece uma vez por ano. Participe já do Festival dos Pioneiros!

Obrigado pelo apoio e pelos comentários! Continuaremos trabalhando duro para trazer uma experiência de jogo cada vez melhor.

Continuaremos corrigindo problemas do jogo e trazendo mais conteúdos novos. Fiquem ligados!

Estúdio Shop & Goblin","Cari giocatori,

per offrirvi un'esperienza di gioco ancora migliore, il <color=#ffa200>12 giugno 2026 (UTC)</color> verrà lanciato il Festival dei Pionieri.

[Contenuti del Festival dei Pionieri]

Corsa all'oro nelle terre selvagge! Cinque nuovi eventi a tempo limitato — Grande Avventura, Città dei Pionieri, Miniera dei Pionieri, Sfera della Fortuna e Vendita Lampo — e tanti altri eventi vi aspettano!

Grande Avventura: lanciate i dadi, scoprite le caselle lungo il percorso per ottenere ricompense e sbloccate tesori sempre più rari!
Città dei Pionieri: estraete e vincete fantastici premi! ""Stella Arcobaleno"" garantita ogni 12 estrazioni — illuminate la Città dei Pionieri per premi extra!
Miniera dei Pionieri: mandate i lavoratori a scavare, ottenete risorse e oggetti man mano che procedete e guardate crescere la vostra città mineraria!
Sfera della Fortuna: gacha con montepremi normale e premium — estrazione singola o x5, potenziate le ricompense per ottenere ancora di più!
Vendita Lampo: pacchetti a tempo limitato in più ondate! Condividete per aumentare il bonus — scorte limitate, chi prima arriva meglio alloggia!

Non perdetelo: capita solo una volta all'anno. Unitevi subito al Festival dei Pionieri!

Grazie per il vostro supporto e i vostri feedback! Continueremo a impegnarci per offrirvi un'esperienza di gioco migliore.

Continueremo a correggere i problemi del gioco e a portare nuovi contenuti. Restate sintonizzati!

Studio Shop & Goblin","Các người chơi thân mến,

Để mang đến trải nghiệm chơi game tốt hơn, sự kiện Lễ hội Khai Hoang sẽ ra mắt vào <color=#ffa200>ngày 12/06/2026 (giờ UTC)</color>.

[Nội dung sự kiện Lễ hội Khai Hoang]

Đào vàng nơi hoang dã, quà tặng liên tay! 5 sự kiện mới giới hạn thời gian — Đại Phiêu Lưu, Thành Phố Khai Hoang, Mỏ Khai Hoang, Quả Cầu May Mắn và Flash Sale — cùng nhiều sự kiện khác đang chờ bạn!

Đại Phiêu Lưu: gieo xúc xắc tiến bước, lật ô nhận thưởng trên đường đi, càng tiến xa càng mở khóa kho báu hiếm!
Thành Phố Khai Hoang: quay thưởng nhận quà khủng! Quay 12 lần chắc chắn nhận ""Sao Cầu Vồng"", thắp sáng Thành Phố Khai Hoang để nhận thêm phần thưởng lớn!
Mỏ Khai Hoang: cử công nhân khai thác mỏ, nhận tài nguyên và vật phẩm theo tiến độ, thị trấn mỏ ngày càng mở rộng!
Quả Cầu May Mắn: gacha hai bể thưởng Thường và Cao cấp — quay đơn hoặc 5 lần tùy chọn, nâng cấp phần thưởng để nhận nhiều hơn!
Flash Sale: gói ưu đãi giới hạn lên kệ theo đợt! Chia sẻ để tăng thêm ưu đãi — số lượng có hạn, nhanh tay kẻo lỡ!

Bỏ lỡ là phải chờ cả năm, mau tham gia Lễ hội Khai Hoang!

Cảm ơn sự ủng hộ và góp ý của các bạn! Chúng tôi sẽ tiếp tục nỗ lực mang đến trải nghiệm chơi game tốt hơn.

Chúng tôi sẽ tiếp tục khắc phục các vấn đề trong game và mang đến nhiều nội dung mới. Hãy đón chờ nhé!

Studio Shop & Goblin","بازیکنان عزیز،

برای ارائه تجربه بازی بهتر، رویداد جشنواره پیشگامان در تاریخ <color=#ffa200>12 ژوئن 2026 (UTC)</color> آغاز می‌شود.

[محتوای رویداد جشنواره پیشگامان]

تب طلا در سرزمین‌های وحشی! پنج رویداد جدید با زمان محدود — ماجراجویی بزرگ، شهر پیشگامان، معدن پیشگامان، توپ شانس و فروش فوری — و رویدادهای دیگر در انتظار شماست!

ماجراجویی بزرگ: تاس بیندازید و پیش بروید، خانه‌ها را در مسیر برگردانید و جایزه بگیرید؛ هرچه جلوتر بروید گنجینه‌های کمیاب‌تری باز می‌شود!
شهر پیشگامان: قرعه بکشید و جوایز بزرگ ببرید! «ستاره رنگین‌کمان» در هر 12 قرعه تضمینی است؛ شهر پیشگامان را روشن کنید و جوایز اضافی بگیرید!
معدن پیشگامان: کارگران را برای استخراج بفرستید، با پیشرفت کار منابع و آیتم دریافت کنید و شهر معدنی‌تان بزرگ‌تر شود!
توپ شانس: گاچا با دو استخر جایزه معمولی و ویژه — قرعه تکی یا 5تایی، جوایز را ارتقا دهید تا دریافتی بیشتری داشته باشید!
فروش فوری: بسته‌های زمان‌محدود به‌صورت مرحله‌ای عرضه می‌شوند! با اشتراک‌گذاری پاداش خود را افزایش دهید — تعداد محدود، اولویت با نفرات اول!

اگر از دستش بدهید باید یک سال صبر کنید؛ همین حالا به جشنواره پیشگامان بپیوندید!

از حمایت و بازخورد شما سپاسگزاریم! ما همچنان تلاش می‌کنیم تجربه بازی بهتری ارائه دهیم.

به رفع مشکلات بازی و ارائه محتوای جدید ادامه خواهیم داد. منتظر باشید!

استودیو Shop & Goblin","Drodzy gracze,

aby zapewnić wam jeszcze lepsze wrażenia z gry, <color=#ffa200>12 czerwca 2026 (UTC)</color> wystartuje Festiwal Pionierów.

[Zawartość Festiwalu Pionierów]

Gorączka złota na dzikich ziemiach! Pięć nowych wydarzeń czasowych — Wielka Przygoda, Miasto Pionierów, Kopalnia Pionierów, Kula Szczęścia i Błyskawiczna Wyprzedaż — a także inne wydarzenia czekają na was!

Wielka Przygoda: rzucaj kością, odkrywaj pola po drodze, zdobywaj nagrody i odblokowuj coraz rzadsze skarby!
Miasto Pionierów: losuj i wygrywaj wspaniałe nagrody! Gwarantowana „Tęczowa Gwiazda"" co 12 losowań — rozświetl Miasto Pionierów po dodatkowe nagrody!
Kopalnia Pionierów: wysyłaj robotników do kopania, zdobywaj surowce i przedmioty w miarę postępów, a twoje górnicze miasteczko będzie rosnąć!
Kula Szczęścia: gacha ze zwykłą i premium pulą nagród — losowanie pojedyncze lub x5, ulepszaj nagrody, by zyskać jeszcze więcej!
Błyskawiczna Wyprzedaż: limitowane pakiety w kolejnych falach! Udostępniaj, by zwiększyć bonus — ograniczona ilość, kto pierwszy, ten lepszy!

Nie przegapcie — to tylko raz w roku. Dołączcie do Festiwalu Pionierów już teraz!

Dziękujemy za wsparcie i opinie! Będziemy dalej ciężko pracować, by zapewnić wam lepsze wrażenia z gry.

Będziemy nadal naprawiać błędy w grze i dostarczać nowe treści. Bądźcie czujni!

Studio Shop & Goblin"
超链接文本内容,,,,,,,,,,,,,,,,,,,,
超链接地址,,,,,,,,,,,,,,,,,,,,
